term,verdict_fit,popularity,difficulty,our_rank,serp_owner_top3,owner_rating_mass,winnability,target_position,protecting_tokens,rationale
acompanhar gastos,FIT,5,31,OUT,SERP nao medida,heranca de categoria,LOTTERY,—,n/d,"sem SERP propria: classificado por heranca de categoria (rank + difficulty do nicho) | Core job: log an expense by hand in seconds - amount, category, date/time, description | pop=5 = PISO da escala Astro, volume DESCONHECIDO (nao e ""termo facil com volume"") | 18 avaliacoes nesta loja, 161 inst 1*/90d, 5,7 inst/dia no app inteiro | pop nao confiavel: unica fonte de volume e o backup Astro de out/2025 (sem ASC Search Terms, sem Apple Ads)"
anotar despesas,FIT,5,38,OUT,SERP nao medida,heranca de categoria,LOTTERY,—,n/d,"sem SERP propria: classificado por heranca de categoria (rank + difficulty do nicho) | Core job: log an expense by hand in seconds - amount, category, date/time, description | pop=5 = PISO da escala Astro, volume DESCONHECIDO (nao e ""termo facil com volume"") | 18 avaliacoes nesta loja, 161 inst 1*/90d, 5,7 inst/dia no app inteiro | pop nao confiavel: unica fonte de volume e o backup Astro de out/2025 (sem ASC Search Terms, sem Apple Ads)"
anotar gasto,FIT,5,34,OUT,SERP nao medida,heranca de categoria,LOTTERY,—,n/d,"sem SERP propria: classificado por heranca de categoria (rank + difficulty do nicho) | Core job: log an expense by hand in seconds - amount, category, date/time, description | pop=5 = PISO da escala Astro, volume DESCONHECIDO (nao e ""termo facil com volume"") | 18 avaliacoes nesta loja, 161 inst 1*/90d, 5,7 inst/dia no app inteiro | pop nao confiavel: unica fonte de volume e o backup Astro de out/2025 (sem ASC Search Terms, sem Apple Ads)"
anotar gastos,FIT,5,50,OUT,SERP nao medida,heranca de categoria,UNWINNABLE,—,n/d,"sem SERP propria: classificado por heranca de categoria (rank + difficulty do nicho) | Core job: log an expense by hand in seconds - amount, category, date/time, description | pop=5 = PISO da escala Astro, volume DESCONHECIDO (nao e ""termo facil com volume"") | 18 avaliacoes nesta loja, 161 inst 1*/90d, 5,7 inst/dia no app inteiro | pop nao confiavel: unica fonte de volume e o backup Astro de out/2025 (sem ASC Search Terms, sem Apple Ads)"
análise financeira,FIT,5,42,OUT,SERP nao medida,heranca de categoria,LOTTERY,—,n/d,"sem SERP propria: classificado por heranca de categoria (rank + difficulty do nicho) | Charts tab: pie by category, weekly and daily bars, top expenses, plus Monthly Insights (daily avera | pop=5 = PISO da escala Astro, volume DESCONHECIDO (nao e ""termo facil com volume"") | 18 avaliacoes nesta loja, 161 inst 1*/90d, 5,7 inst/dia no app inteiro | pop nao confiavel: unica fonte de volume e o backup Astro de out/2025 (sem ASC Search Terms, sem Apple Ads)"
app de controle de gastos,FIT,5,59,OUT,SERP nao medida,heranca de categoria,UNWINNABLE,—,n/d,"sem SERP propria: classificado por heranca de categoria (rank + difficulty do nicho) | Expense control is the app's headline job: log, categorise, cap, see where it went | pop=5 = PISO da escala Astro, volume DESCONHECIDO (nao e ""termo facil com volume"") | 18 avaliacoes nesta loja, 161 inst 1*/90d, 5,7 inst/dia no app inteiro | pop nao confiavel: unica fonte de volume e o backup Astro de out/2025 (sem ASC Search Terms, sem Apple Ads)"
app de despesas,FIT,5,48,OUT,SERP nao medida,heranca de categoria,UNWINNABLE,—,n/d,"sem SERP propria: classificado por heranca de categoria (rank + difficulty do nicho) | Core job: log an expense by hand in seconds - amount, category, date/time, description | pop=5 = PISO da escala Astro, volume DESCONHECIDO (nao e ""termo facil com volume"") | 18 avaliacoes nesta loja, 161 inst 1*/90d, 5,7 inst/dia no app inteiro | pop nao confiavel: unica fonte de volume e o backup Astro de out/2025 (sem ASC Search Terms, sem Apple Ads)"
app de financas pessoais,PARTIAL,5,60,203,SERP nao medida,heranca de categoria,UNWINNABLE,—,financas=finanças/SUBTITLE ; pessoais=pessoais/SUBTITLE,"sem SERP propria: classificado por heranca de categoria (rank + difficulty do nicho) | Broad finance pool (banking, investing, income) where the app is expense-only; plausible but partial | pop=5 = PISO da escala Astro, volume DESCONHECIDO (nao e ""termo facil com volume"") | 18 avaliacoes nesta loja, 161 inst 1*/90d, 5,7 inst/dia no app inteiro | pop nao confiavel: unica fonte de volume e o backup Astro de out/2025 (sem ASC Search Terms, sem Apple Ads)"
app de gastos,FIT,5,63,OUT,SERP nao medida,heranca de categoria,UNWINNABLE,—,n/d,"sem SERP propria: classificado por heranca de categoria (rank + difficulty do nicho) | Core job: log an expense by hand in seconds - amount, category, date/time, description | pop=5 = PISO da escala Astro, volume DESCONHECIDO (nao e ""termo facil com volume"") | 18 avaliacoes nesta loja, 161 inst 1*/90d, 5,7 inst/dia no app inteiro | pop nao confiavel: unica fonte de volume e o backup Astro de out/2025 (sem ASC Search Terms, sem Apple Ads)"
app de orcamento,FIT,5,47,OUT,SERP nao medida,heranca de categoria,UNWINNABLE,—,n/d,"sem SERP propria: classificado por heranca de categoria (rank + difficulty do nicho) | Monthly spending cap per category plus a total month budget, with progress bars | pop=5 = PISO da escala Astro, volume DESCONHECIDO (nao e ""termo facil com volume"") | 18 avaliacoes nesta loja, 161 inst 1*/90d, 5,7 inst/dia no app inteiro | pop nao confiavel: unica fonte de volume e o backup Astro de out/2025 (sem ASC Search Terms, sem Apple Ads)"
app financeiro,PARTIAL,5,52,OUT,SERP nao medida,heranca de categoria,UNWINNABLE,—,n/d,"sem SERP propria: classificado por heranca de categoria (rank + difficulty do nicho) | Broad finance pool (banking, investing, income) where the app is expense-only; plausible but partial | pop=5 = PISO da escala Astro, volume DESCONHECIDO (nao e ""termo facil com volume"") | 18 avaliacoes nesta loja, 161 inst 1*/90d, 5,7 inst/dia no app inteiro | pop nao confiavel: unica fonte de volume e o backup Astro de out/2025 (sem ASC Search Terms, sem Apple Ads)"
assinaturas mensais,FIT,5,7,OUT,SERP nao medida,heranca de categoria,LOTTERY,—,n/d,"sem SERP propria: classificado por heranca de categoria (rank + difficulty do nicho) | Fixed/recurring expenses with daily/weekly/monthly/yearly/weekdays repetition, automatic or suggeste | pop=5 = PISO da escala Astro, volume DESCONHECIDO (nao e ""termo facil com volume"") | 18 avaliacoes nesta loja, 161 inst 1*/90d, 5,7 inst/dia no app inteiro | pop nao confiavel: unica fonte de volume e o backup Astro de out/2025 (sem ASC Search Terms, sem Apple Ads)"
backup,FIT,19,69,OUT,SERP nao medida,heranca de categoria,UNWINNABLE,—,n/d,"sem SERP propria: classificado por heranca de categoria (rank + difficulty do nicho) | Google-login cloud backup of expenses, fixed expenses, goals and categories is a real (PRO) feature | 18 avaliacoes nesta loja, 161 inst 1*/90d, 5,7 inst/dia no app inteiro | pop nao confiavel: unica fonte de volume e o backup Astro de out/2025 (sem ASC Search Terms, sem Apple Ads)"
budget,FIT,43,38,OUT,Budget – Car Rental (85); Spending Tracker - Budget (317); Mobills - Controle de gastos (168935),top3 max 168935 / soma 169337 = muro,UNWINNABLE,—,n/d,"Monthly spending cap per category plus a total month budget, with progress bars | 18 avaliacoes nesta loja, 161 inst 1*/90d, 5,7 inst/dia no app inteiro | pop nao confiavel: unica fonte de volume e o backup Astro de out/2025 (sem ASC Search Terms, sem Apple Ads)"
caderno despesas,FIT,5,12,OUT,SERP nao medida,heranca de categoria,LOTTERY,—,n/d,"sem SERP propria: classificado por heranca de categoria (rank + difficulty do nicho) | Core job: log an expense by hand in seconds - amount, category, date/time, description | pop=5 = PISO da escala Astro, volume DESCONHECIDO (nao e ""termo facil com volume"") | 18 avaliacoes nesta loja, 161 inst 1*/90d, 5,7 inst/dia no app inteiro | pop nao confiavel: unica fonte de volume e o backup Astro de out/2025 (sem ASC Search Terms, sem Apple Ads)"
calendario medicamento,FIT,5,41,OUT,SERP nao medida,heranca de categoria,LOTTERY,—,n/d,"sem SERP propria: classificado por heranca de categoria (rank + difficulty do nicho) | Calendar view toggle inside the Transactions tab, with each day's expenses and day total | pop=5 = PISO da escala Astro, volume DESCONHECIDO (nao e ""termo facil com volume"") | 18 avaliacoes nesta loja, 161 inst 1*/90d, 5,7 inst/dia no app inteiro | pop nao confiavel: unica fonte de volume e o backup Astro de out/2025 (sem ASC Search Terms, sem Apple Ads)"
casa,PARTIAL,60,63,OUT,Casa (226); Planta casa IA: Decoração 3D (21626); House Designer : Fix & Flip (12894),top3 max 21626 / soma 34746 = pesado,UNWINNABLE,—,n/d,"A household budget run by ONE person on one phone is exactly the app; a family SHARING one ledger is | 18 avaliacoes nesta loja, 161 inst 1*/90d, 5,7 inst/dia no app inteiro | pop nao confiavel: unica fonte de volume e o backup Astro de out/2025 (sem ASC Search Terms, sem Apple Ads)"
categorias,FIT,5,37,OUT,SERP nao medida,heranca de categoria,LOTTERY,—,n/d,"sem SERP propria: classificado por heranca de categoria (rank + difficulty do nicho) | 14 built-in categories plus user-created ones with custom name, icon and colour | pop=5 = PISO da escala Astro, volume DESCONHECIDO (nao e ""termo facil com volume"") | 18 avaliacoes nesta loja, 161 inst 1*/90d, 5,7 inst/dia no app inteiro | pop nao confiavel: unica fonte de volume e o backup Astro de out/2025 (sem ASC Search Terms, sem Apple Ads) | alimenta composicoes ja rankeadas: #1 gastos mensais por categoria, #2 despesas por categoria, #2 extrato por categoria, #3 gastos por categoria, #7 categorias de gastos"
categorias de gastos,FIT,5,5,7,Controle Financeiro No Comando (47); Richer Finance (0); Capycash - Controle de Gastos (0),top3 max 47 / soma 47 = vazio,DOMINATE,top 3,categorias=categorias/KEYWORDS ; gastos=gastos/NAME,"SERP ao vivo confirma #5 | 14 built-in categories plus user-created ones with custom name, icon and colour | pop=5 = PISO da escala Astro, volume DESCONHECIDO (nao e ""termo facil com volume"") | diff=5 tambem e piso de escala | 18 avaliacoes nesta loja, 161 inst 1*/90d, 5,7 inst/dia no app inteiro | pop nao confiavel: unica fonte de volume e o backup Astro de out/2025 (sem ASC Search Terms, sem Apple Ads)"
categorizar gastos,FIT,5,5,OUT,SERP nao medida,heranca de categoria,LOTTERY,—,n/d,"sem SERP propria: classificado por heranca de categoria (rank + difficulty do nicho) | Core job: log an expense by hand in seconds - amount, category, date/time, description | pop=5 = PISO da escala Astro, volume DESCONHECIDO (nao e ""termo facil com volume"") | diff=5 tambem e piso de escala | 18 avaliacoes nesta loja, 161 inst 1*/90d, 5,7 inst/dia no app inteiro | pop nao confiavel: unica fonte de volume e o backup Astro de out/2025 (sem ASC Search Terms, sem Apple Ads)"
conta,PARTIAL,57,82,OUT,"PicPay: Conta, Cartão e Pix (268920); Neon: cartão de crédito (363491); next: Conta Digital e Cartão (188068)",top3 max 363491 / soma 820479 = muro,UNWINNABLE,—,n/d,"Polysemous in pt-BR: bank accounts and bills-with-due-dates dominate the pool; we only log a bill as | 18 avaliacoes nesta loja, 161 inst 1*/90d, 5,7 inst/dia no app inteiro | pop nao confiavel: unica fonte de volume e o backup Astro de out/2025 (sem ASC Search Terms, sem Apple Ads)"
contador de gastos,FIT,5,23,OUT,SERP nao medida,heranca de categoria,LOTTERY,—,n/d,"sem SERP propria: classificado por heranca de categoria (rank + difficulty do nicho) | Core job: log an expense by hand in seconds - amount, category, date/time, description | pop=5 = PISO da escala Astro, volume DESCONHECIDO (nao e ""termo facil com volume"") | 18 avaliacoes nesta loja, 161 inst 1*/90d, 5,7 inst/dia no app inteiro | pop nao confiavel: unica fonte de volume e o backup Astro de out/2025 (sem ASC Search Terms, sem Apple Ads)"
contas,PARTIAL,55,79,OUT,Controle de gastos - MoneyNote (22240); Minhas Despesas App (1245); Mobills - Controle de gastos (168935),top3 max 168935 / soma 192420 = muro,UNWINNABLE,—,n/d,"Polysemous in pt-BR: bank accounts and bills-with-due-dates dominate the pool; we only log a bill as | 18 avaliacoes nesta loja, 161 inst 1*/90d, 5,7 inst/dia no app inteiro | pop nao confiavel: unica fonte de volume e o backup Astro de out/2025 (sem ASC Search Terms, sem Apple Ads) | alimenta composicoes ja rankeadas: #1 contas mensais casal, #2 gastos contas, #3 contas compartilhadas casal, #5 contas casal, #6 contas do casal"
contas da casa,PARTIAL,5,21,OUT,SERP nao medida,heranca de categoria,LOTTERY,—,n/d,"sem SERP propria: classificado por heranca de categoria (rank + difficulty do nicho) | A household budget run by ONE person on one phone is exactly the app; a family SHARING one ledger is | pop=5 = PISO da escala Astro, volume DESCONHECIDO (nao e ""termo facil com volume"") | 18 avaliacoes nesta loja, 161 inst 1*/90d, 5,7 inst/dia no app inteiro | pop nao confiavel: unica fonte de volume e o backup Astro de out/2025 (sem ASC Search Terms, sem Apple Ads)"
contas de casa,PARTIAL,5,15,OUT,SERP nao medida,heranca de categoria,LOTTERY,—,n/d,"sem SERP propria: classificado por heranca de categoria (rank + difficulty do nicho) | A household budget run by ONE person on one phone is exactly the app; a family SHARING one ledger is | pop=5 = PISO da escala Astro, volume DESCONHECIDO (nao e ""termo facil com volume"") | 18 avaliacoes nesta loja, 161 inst 1*/90d, 5,7 inst/dia no app inteiro | pop nao confiavel: unica fonte de volume e o backup Astro de out/2025 (sem ASC Search Terms, sem Apple Ads)"
contas despesas,PARTIAL,5,13,OUT,SERP nao medida,heranca de categoria,LOTTERY,—,n/d,"sem SERP propria: classificado por heranca de categoria (rank + difficulty do nicho) | Polysemous in pt-BR: bank accounts and bills-with-due-dates dominate the pool; we only log a bill as | pop=5 = PISO da escala Astro, volume DESCONHECIDO (nao e ""termo facil com volume"") | 18 avaliacoes nesta loja, 161 inst 1*/90d, 5,7 inst/dia no app inteiro | pop nao confiavel: unica fonte de volume e o backup Astro de out/2025 (sem ASC Search Terms, sem Apple Ads)"
contas do mes,PARTIAL,5,46,OUT,SERP nao medida,heranca de categoria,UNWINNABLE,—,n/d,"sem SERP propria: classificado por heranca de categoria (rank + difficulty do nicho) | Polysemous in pt-BR: bank accounts and bills-with-due-dates dominate the pool; we only log a bill as | pop=5 = PISO da escala Astro, volume DESCONHECIDO (nao e ""termo facil com volume"") | 18 avaliacoes nesta loja, 161 inst 1*/90d, 5,7 inst/dia no app inteiro | pop nao confiavel: unica fonte de volume e o backup Astro de out/2025 (sem ASC Search Terms, sem Apple Ads)"
contas e despesas,PARTIAL,5,59,164,SERP nao medida,heranca de categoria,UNWINNABLE,—,contas=contas/KEYWORDS+contas/NAME ; e=e/NAME+e/SUBTITLE ; despesas=despesas/NAME,"sem SERP propria: classificado por heranca de categoria (rank + difficulty do nicho) | Polysemous in pt-BR: bank accounts and bills-with-due-dates dominate the pool; we only log a bill as | pop=5 = PISO da escala Astro, volume DESCONHECIDO (nao e ""termo facil com volume"") | 18 avaliacoes nesta loja, 161 inst 1*/90d, 5,7 inst/dia no app inteiro | pop nao confiavel: unica fonte de volume e o backup Astro de out/2025 (sem ASC Search Terms, sem Apple Ads)"
contas fixas,PARTIAL,5,29,26,Contas Fixas (0); Controle de Gastos - Fleur (4806); Revuno: Assinaturas e gastos (0),top3 max 4806 / soma 4806 = medio,CLIMB,top 10,contas=contas/KEYWORDS+contas/NAME ; fixas=fixas/KEYWORDS,"Polysemous in pt-BR: bank accounts and bills-with-due-dates dominate the pool; we only log a bill as | pop=5 = PISO da escala Astro, volume DESCONHECIDO (nao e ""termo facil com volume"") | 18 avaliacoes nesta loja, 161 inst 1*/90d, 5,7 inst/dia no app inteiro | pop nao confiavel: unica fonte de volume e o backup Astro de out/2025 (sem ASC Search Terms, sem Apple Ads)"
contas grupo,PARTIAL,5,23,OUT,SERP nao medida,heranca de categoria,LOTTERY,—,n/d,"sem SERP propria: classificado por heranca de categoria (rank + difficulty do nicho) | Polysemous in pt-BR: bank accounts and bills-with-due-dates dominate the pool; we only log a bill as | pop=5 = PISO da escala Astro, volume DESCONHECIDO (nao e ""termo facil com volume"") | 18 avaliacoes nesta loja, 161 inst 1*/90d, 5,7 inst/dia no app inteiro | pop nao confiavel: unica fonte de volume e o backup Astro de out/2025 (sem ASC Search Terms, sem Apple Ads)"
contas mensais,PARTIAL,5,50,OUT,SERP nao medida,heranca de categoria,UNWINNABLE,—,n/d,"sem SERP propria: classificado por heranca de categoria (rank + difficulty do nicho) | Polysemous in pt-BR: bank accounts and bills-with-due-dates dominate the pool; we only log a bill as | pop=5 = PISO da escala Astro, volume DESCONHECIDO (nao e ""termo facil com volume"") | 18 avaliacoes nesta loja, 161 inst 1*/90d, 5,7 inst/dia no app inteiro | pop nao confiavel: unica fonte de volume e o backup Astro de out/2025 (sem ASC Search Terms, sem Apple Ads)"
controlar gastos,FIT,14,49,OUT,SERP nao medida,heranca de categoria,UNWINNABLE,—,n/d,"sem SERP propria: classificado por heranca de categoria (rank + difficulty do nicho) | Expense control is the app's headline job: log, categorise, cap, see where it went | 18 avaliacoes nesta loja, 161 inst 1*/90d, 5,7 inst/dia no app inteiro | pop nao confiavel: unica fonte de volume e o backup Astro de out/2025 (sem ASC Search Terms, sem Apple Ads)"
controle,FIT,69,65,OUT,Controle remoto universal TV · (34513); Controle Remoto TV - Universal (28781); Remote control for TCL (11950),top3 max 34513 / soma 75244 = pesado,UNWINNABLE,—,n/d,"Expense control is the app's headline job: log, categorise, cap, see where it went | 18 avaliacoes nesta loja, 161 inst 1*/90d, 5,7 inst/dia no app inteiro | pop nao confiavel: unica fonte de volume e o backup Astro de out/2025 (sem ASC Search Terms, sem Apple Ads)"
controle contas,PARTIAL,5,49,OUT,SERP nao medida,heranca de categoria,UNWINNABLE,—,n/d,"sem SERP propria: classificado por heranca de categoria (rank + difficulty do nicho) | Polysemous in pt-BR: bank accounts and bills-with-due-dates dominate the pool; we only log a bill as | pop=5 = PISO da escala Astro, volume DESCONHECIDO (nao e ""termo facil com volume"") | 18 avaliacoes nesta loja, 161 inst 1*/90d, 5,7 inst/dia no app inteiro | pop nao confiavel: unica fonte de volume e o backup Astro de out/2025 (sem ASC Search Terms, sem Apple Ads)"
controle de assinaturas,FIT,5,7,OUT,SERP nao medida,heranca de categoria,LOTTERY,—,n/d,"sem SERP propria: classificado por heranca de categoria (rank + difficulty do nicho) | Fixed/recurring expenses with daily/weekly/monthly/yearly/weekdays repetition, automatic or suggeste | pop=5 = PISO da escala Astro, volume DESCONHECIDO (nao e ""termo facil com volume"") | 18 avaliacoes nesta loja, 161 inst 1*/90d, 5,7 inst/dia no app inteiro | pop nao confiavel: unica fonte de volume e o backup Astro de out/2025 (sem ASC Search Terms, sem Apple Ads)"
controle de contas,PARTIAL,5,45,OUT,SERP nao medida,heranca de categoria,LOTTERY,—,n/d,"sem SERP propria: classificado por heranca de categoria (rank + difficulty do nicho) | Polysemous in pt-BR: bank accounts and bills-with-due-dates dominate the pool; we only log a bill as | pop=5 = PISO da escala Astro, volume DESCONHECIDO (nao e ""termo facil com volume"") | 18 avaliacoes nesta loja, 161 inst 1*/90d, 5,7 inst/dia no app inteiro | pop nao confiavel: unica fonte de volume e o backup Astro de out/2025 (sem ASC Search Terms, sem Apple Ads)"
controle de contas mensais,PARTIAL,5,59,OUT,SERP nao medida,heranca de categoria,UNWINNABLE,—,n/d,"sem SERP propria: classificado por heranca de categoria (rank + difficulty do nicho) | Polysemous in pt-BR: bank accounts and bills-with-due-dates dominate the pool; we only log a bill as | pop=5 = PISO da escala Astro, volume DESCONHECIDO (nao e ""termo facil com volume"") | 18 avaliacoes nesta loja, 161 inst 1*/90d, 5,7 inst/dia no app inteiro | pop nao confiavel: unica fonte de volume e o backup Astro de out/2025 (sem ASC Search Terms, sem Apple Ads)"
controle de despesa,FIT,5,46,OUT,SERP nao medida,heranca de categoria,UNWINNABLE,—,n/d,"sem SERP propria: classificado por heranca de categoria (rank + difficulty do nicho) | Expense control is the app's headline job: log, categorise, cap, see where it went | pop=5 = PISO da escala Astro, volume DESCONHECIDO (nao e ""termo facil com volume"") | 18 avaliacoes nesta loja, 161 inst 1*/90d, 5,7 inst/dia no app inteiro | pop nao confiavel: unica fonte de volume e o backup Astro de out/2025 (sem ASC Search Terms, sem Apple Ads)"
controle de despesas,FIT,5,55,OUT,SERP nao medida,heranca de categoria,UNWINNABLE,—,n/d,"sem SERP propria: classificado por heranca de categoria (rank + difficulty do nicho) | Expense control is the app's headline job: log, categorise, cap, see where it went | pop=5 = PISO da escala Astro, volume DESCONHECIDO (nao e ""termo facil com volume"") | 18 avaliacoes nesta loja, 161 inst 1*/90d, 5,7 inst/dia no app inteiro | pop nao confiavel: unica fonte de volume e o backup Astro de out/2025 (sem ASC Search Terms, sem Apple Ads)"
controle de despesas mensais,FIT,5,40,OUT,SERP nao medida,heranca de categoria,LOTTERY,—,n/d,"sem SERP propria: classificado por heranca de categoria (rank + difficulty do nicho) | Expense control is the app's headline job: log, categorise, cap, see where it went | pop=5 = PISO da escala Astro, volume DESCONHECIDO (nao e ""termo facil com volume"") | 18 avaliacoes nesta loja, 161 inst 1*/90d, 5,7 inst/dia no app inteiro | pop nao confiavel: unica fonte de volume e o backup Astro de out/2025 (sem ASC Search Terms, sem Apple Ads)"
controle de despesas pessoais,FIT,5,23,OUT,SERP nao medida,heranca de categoria,LOTTERY,—,n/d,"sem SERP propria: classificado por heranca de categoria (rank + difficulty do nicho) | Expense control is the app's headline job: log, categorise, cap, see where it went | pop=5 = PISO da escala Astro, volume DESCONHECIDO (nao e ""termo facil com volume"") | 18 avaliacoes nesta loja, 161 inst 1*/90d, 5,7 inst/dia no app inteiro | pop nao confiavel: unica fonte de volume e o backup Astro de out/2025 (sem ASC Search Terms, sem Apple Ads)"
controle de dinheiro,FIT,5,49,OUT,SERP nao medida,heranca de categoria,UNWINNABLE,—,n/d,"sem SERP propria: classificado por heranca de categoria (rank + difficulty do nicho) | Expense control is the app's headline job: log, categorise, cap, see where it went | pop=5 = PISO da escala Astro, volume DESCONHECIDO (nao e ""termo facil com volume"") | 18 avaliacoes nesta loja, 161 inst 1*/90d, 5,7 inst/dia no app inteiro | pop nao confiavel: unica fonte de volume e o backup Astro de out/2025 (sem ASC Search Terms, sem Apple Ads)"
controle de gastos,FIT,53,56,OUT,Mobills - Controle de gastos (168935); Controle de gastos - MoneyNote (22240); Pierre: IA financeira pessoal (7965),top3 max 168935 / soma 199140 = muro,UNWINNABLE,—,n/d,"Expense control is the app's headline job: log, categorise, cap, see where it went | 18 avaliacoes nesta loja, 161 inst 1*/90d, 5,7 inst/dia no app inteiro | pop nao confiavel: unica fonte de volume e o backup Astro de out/2025 (sem ASC Search Terms, sem Apple Ads)"
controle de gastos diarios,FIT,5,40,OUT,SERP nao medida,heranca de categoria,LOTTERY,—,n/d,"sem SERP propria: classificado por heranca de categoria (rank + difficulty do nicho) | Expense control is the app's headline job: log, categorise, cap, see where it went | pop=5 = PISO da escala Astro, volume DESCONHECIDO (nao e ""termo facil com volume"") | 18 avaliacoes nesta loja, 161 inst 1*/90d, 5,7 inst/dia no app inteiro | pop nao confiavel: unica fonte de volume e o backup Astro de out/2025 (sem ASC Search Terms, sem Apple Ads)"
controle de gastos e orcamento,FIT,5,37,203,SERP nao medida,heranca de categoria,LOTTERY,—,controle=SEM TOKEN ; gastos=gastos/NAME ; e=e/NAME+e/SUBTITLE ; orcamento=orcamento/KEYWORDS,"sem SERP propria: classificado por heranca de categoria (rank + difficulty do nicho) | Monthly spending cap per category plus a total month budget, with progress bars | pop=5 = PISO da escala Astro, volume DESCONHECIDO (nao e ""termo facil com volume"") | 18 avaliacoes nesta loja, 161 inst 1*/90d, 5,7 inst/dia no app inteiro | pop nao confiavel: unica fonte de volume e o backup Astro de out/2025 (sem ASC Search Terms, sem Apple Ads)"
controle de gastos gratis,FIT,5,63,OUT,SERP nao medida,heranca de categoria,UNWINNABLE,—,n/d,"sem SERP propria: classificado por heranca de categoria (rank + difficulty do nicho) | The entire single-device product is free: logging, categories, fixed expenses, budgets, charts, cale | pop=5 = PISO da escala Astro, volume DESCONHECIDO (nao e ""termo facil com volume"") | 18 avaliacoes nesta loja, 161 inst 1*/90d, 5,7 inst/dia no app inteiro | pop nao confiavel: unica fonte de volume e o backup Astro de out/2025 (sem ASC Search Terms, sem Apple Ads)"
controle de gastos ia,FIT,5,21,OUT,SERP nao medida,heranca de categoria,LOTTERY,—,n/d,"sem SERP propria: classificado por heranca de categoria (rank + difficulty do nicho) | Expense control is the app's headline job: log, categorise, cap, see where it went | pop=5 = PISO da escala Astro, volume DESCONHECIDO (nao e ""termo facil com volume"") | 18 avaliacoes nesta loja, 161 inst 1*/90d, 5,7 inst/dia no app inteiro | pop nao confiavel: unica fonte de volume e o backup Astro de out/2025 (sem ASC Search Terms, sem Apple Ads)"
controle de gastos offline,FIT,5,23,OUT,SERP nao medida,heranca de categoria,LOTTERY,—,n/d,"sem SERP propria: classificado por heranca de categoria (rank + difficulty do nicho) | Fully usable offline with no account: every repository is local-first on SharedPreferences | pop=5 = PISO da escala Astro, volume DESCONHECIDO (nao e ""termo facil com volume"") | 18 avaliacoes nesta loja, 161 inst 1*/90d, 5,7 inst/dia no app inteiro | pop nao confiavel: unica fonte de volume e o backup Astro de out/2025 (sem ASC Search Terms, sem Apple Ads)"
controle de gastos pessoais,FIT,5,54,OUT,SERP nao medida,heranca de categoria,UNWINNABLE,—,n/d,"sem SERP propria: classificado por heranca de categoria (rank + difficulty do nicho) | Expense control is the app's headline job: log, categorise, cap, see where it went | pop=5 = PISO da escala Astro, volume DESCONHECIDO (nao e ""termo facil com volume"") | 18 avaliacoes nesta loja, 161 inst 1*/90d, 5,7 inst/dia no app inteiro | pop nao confiavel: unica fonte de volume e o backup Astro de out/2025 (sem ASC Search Terms, sem Apple Ads)"
controle de gastos sem internet,FIT,5,7,OUT,SERP nao medida,heranca de categoria,LOTTERY,—,n/d,"sem SERP propria: classificado por heranca de categoria (rank + difficulty do nicho) | Fully usable offline with no account: every repository is local-first on SharedPreferences | pop=5 = PISO da escala Astro, volume DESCONHECIDO (nao e ""termo facil com volume"") | 18 avaliacoes nesta loja, 161 inst 1*/90d, 5,7 inst/dia no app inteiro | pop nao confiavel: unica fonte de volume e o backup Astro de out/2025 (sem ASC Search Terms, sem Apple Ads)"
controle de gastos simples,FIT,5,40,OUT,SERP nao medida,heranca de categoria,LOTTERY,—,n/d,"sem SERP propria: classificado por heranca de categoria (rank + difficulty do nicho) | Expense control is the app's headline job: log, categorise, cap, see where it went | pop=5 = PISO da escala Astro, volume DESCONHECIDO (nao e ""termo facil com volume"") | 18 avaliacoes nesta loja, 161 inst 1*/90d, 5,7 inst/dia no app inteiro | pop nao confiavel: unica fonte de volume e o backup Astro de out/2025 (sem ASC Search Terms, sem Apple Ads)"
controle de medicamentos,FIT,5,39,OUT,SERP nao medida,heranca de categoria,LOTTERY,—,n/d,"sem SERP propria: classificado por heranca de categoria (rank + difficulty do nicho) | Expense control is the app's headline job: log, categorise, cap, see where it went | pop=5 = PISO da escala Astro, volume DESCONHECIDO (nao e ""termo facil com volume"") | 18 avaliacoes nesta loja, 161 inst 1*/90d, 5,7 inst/dia no app inteiro | pop nao confiavel: unica fonte de volume e o backup Astro de out/2025 (sem ASC Search Terms, sem Apple Ads)"
controle financeiro,FIT,54,57,OUT,Controle Financeiro Facil (1064); Mobills - Controle de gastos (168935); Minhas Finanças: Controle e IA (9653),top3 max 168935 / soma 179652 = muro,UNWINNABLE,—,n/d,"Expense control is the app's headline job: log, categorise, cap, see where it went | 18 avaliacoes nesta loja, 161 inst 1*/90d, 5,7 inst/dia no app inteiro | pop nao confiavel: unica fonte de volume e o backup Astro de out/2025 (sem ASC Search Terms, sem Apple Ads)"
controle financeiro e gastos,FIT,5,23,OUT,SERP nao medida,heranca de categoria,LOTTERY,—,n/d,"sem SERP propria: classificado por heranca de categoria (rank + difficulty do nicho) | Expense control is the app's headline job: log, categorise, cap, see where it went | pop=5 = PISO da escala Astro, volume DESCONHECIDO (nao e ""termo facil com volume"") | 18 avaliacoes nesta loja, 161 inst 1*/90d, 5,7 inst/dia no app inteiro | pop nao confiavel: unica fonte de volume e o backup Astro de out/2025 (sem ASC Search Terms, sem Apple Ads)"
controle financeiro facil,FIT,5,48,OUT,SERP nao medida,heranca de categoria,UNWINNABLE,—,n/d,"sem SERP propria: classificado por heranca de categoria (rank + difficulty do nicho) | Expense control is the app's headline job: log, categorise, cap, see where it went | pop=5 = PISO da escala Astro, volume DESCONHECIDO (nao e ""termo facil com volume"") | 18 avaliacoes nesta loja, 161 inst 1*/90d, 5,7 inst/dia no app inteiro | pop nao confiavel: unica fonte de volume e o backup Astro de out/2025 (sem ASC Search Terms, sem Apple Ads)"
controle financeiro pessoal,FIT,55,57,OUT,Controle Financeiro Facil (1064); Mobills - Controle de gastos (168935); Minhas Finanças: Controle e IA (9653),top3 max 168935 / soma 179652 = muro,UNWINNABLE,—,n/d,"Expense control is the app's headline job: log, categorise, cap, see where it went | 18 avaliacoes nesta loja, 161 inst 1*/90d, 5,7 inst/dia no app inteiro | pop nao confiavel: unica fonte de volume e o backup Astro de out/2025 (sem ASC Search Terms, sem Apple Ads)"
controle orçamento,FIT,5,21,OUT,SERP nao medida,heranca de categoria,LOTTERY,—,n/d,"sem SERP propria: classificado por heranca de categoria (rank + difficulty do nicho) | Monthly spending cap per category plus a total month budget, with progress bars | pop=5 = PISO da escala Astro, volume DESCONHECIDO (nao e ""termo facil com volume"") | 18 avaliacoes nesta loja, 161 inst 1*/90d, 5,7 inst/dia no app inteiro | pop nao confiavel: unica fonte de volume e o backup Astro de out/2025 (sem ASC Search Terms, sem Apple Ads)"
controle seus gastos,FIT,5,48,OUT,SERP nao medida,heranca de categoria,UNWINNABLE,—,n/d,"sem SERP propria: classificado por heranca de categoria (rank + difficulty do nicho) | Expense control is the app's headline job: log, categorise, cap, see where it went | pop=5 = PISO da escala Astro, volume DESCONHECIDO (nao e ""termo facil com volume"") | 18 avaliacoes nesta loja, 161 inst 1*/90d, 5,7 inst/dia no app inteiro | pop nao confiavel: unica fonte de volume e o backup Astro de out/2025 (sem ASC Search Terms, sem Apple Ads)"
controle vendas,FIT,5,15,OUT,SERP nao medida,heranca de categoria,LOTTERY,—,n/d,"sem SERP propria: classificado por heranca de categoria (rank + difficulty do nicho) | Expense control is the app's headline job: log, categorise, cap, see where it went | pop=5 = PISO da escala Astro, volume DESCONHECIDO (nao e ""termo facil com volume"") | 18 avaliacoes nesta loja, 161 inst 1*/90d, 5,7 inst/dia no app inteiro | pop nao confiavel: unica fonte de volume e o backup Astro de out/2025 (sem ASC Search Terms, sem Apple Ads)"
custos,FIT,5,48,OUT,SERP nao medida,heranca de categoria,UNWINNABLE,—,n/d,"sem SERP propria: classificado por heranca de categoria (rank + difficulty do nicho) | Core job: log an expense by hand in seconds - amount, category, date/time, description | pop=5 = PISO da escala Astro, volume DESCONHECIDO (nao e ""termo facil com volume"") | 18 avaliacoes nesta loja, 161 inst 1*/90d, 5,7 inst/dia no app inteiro | pop nao confiavel: unica fonte de volume e o backup Astro de out/2025 (sem ASC Search Terms, sem Apple Ads)"
despesa,FIT,5,51,OUT,SERP nao medida,heranca de categoria,UNWINNABLE,—,n/d,"sem SERP propria: classificado por heranca de categoria (rank + difficulty do nicho) | Core job: log an expense by hand in seconds - amount, category, date/time, description | pop=5 = PISO da escala Astro, volume DESCONHECIDO (nao e ""termo facil com volume"") | 18 avaliacoes nesta loja, 161 inst 1*/90d, 5,7 inst/dia no app inteiro | pop nao confiavel: unica fonte de volume e o backup Astro de out/2025 (sem ASC Search Terms, sem Apple Ads)"
despesas,FIT,52,48,OUT,Minhas Despesas App (1245); Minhas Despesas - Financeiro (69); Mobills - Controle de gastos (168935),top3 max 168935 / soma 170249 = muro,UNWINNABLE,—,n/d,"Core job: log an expense by hand in seconds - amount, category, date/time, description | 18 avaliacoes nesta loja, 161 inst 1*/90d, 5,7 inst/dia no app inteiro | pop nao confiavel: unica fonte de volume e o backup Astro de out/2025 (sem ASC Search Terms, sem Apple Ads) | alimenta composicoes ja rankeadas: #2 despesas por categoria, #3 despesas mensais casal, #3 despesas pessoais casal, #5 despesas compartilhadas casal, #8 despesas fixas"
despesas casa,PARTIAL,5,46,OUT,SERP nao medida,heranca de categoria,UNWINNABLE,—,n/d,"sem SERP propria: classificado por heranca de categoria (rank + difficulty do nicho) | A household budget run by ONE person on one phone is exactly the app; a family SHARING one ledger is | pop=5 = PISO da escala Astro, volume DESCONHECIDO (nao e ""termo facil com volume"") | 18 avaliacoes nesta loja, 161 inst 1*/90d, 5,7 inst/dia no app inteiro | pop nao confiavel: unica fonte de volume e o backup Astro de out/2025 (sem ASC Search Terms, sem Apple Ads)"
despesas da casa,PARTIAL,5,17,OUT,SERP nao medida,heranca de categoria,LOTTERY,—,n/d,"sem SERP propria: classificado por heranca de categoria (rank + difficulty do nicho) | A household budget run by ONE person on one phone is exactly the app; a family SHARING one ledger is | pop=5 = PISO da escala Astro, volume DESCONHECIDO (nao e ""termo facil com volume"") | 18 avaliacoes nesta loja, 161 inst 1*/90d, 5,7 inst/dia no app inteiro | pop nao confiavel: unica fonte de volume e o backup Astro de out/2025 (sem ASC Search Terms, sem Apple Ads)"
despesas diárias,FIT,5,41,13,Despesas - Contrôle de Gastos (1179); Despesas Finanças Pessoais (2); Flash | Benefícios e Despesas (206759),top3 max 206759 / soma 207940 = muro,CLIMB,top 20,despesas=despesas/NAME ; diárias=diario/KEYWORDS,"Core job: log an expense by hand in seconds - amount, category, date/time, description | pop=5 = PISO da escala Astro, volume DESCONHECIDO (nao e ""termo facil com volume"") | 18 avaliacoes nesta loja, 161 inst 1*/90d, 5,7 inst/dia no app inteiro | pop nao confiavel: unica fonte de volume e o backup Astro de out/2025 (sem ASC Search Terms, sem Apple Ads)"
despesas do mes,FIT,5,30,OUT,SERP nao medida,heranca de categoria,LOTTERY,—,n/d,"sem SERP propria: classificado por heranca de categoria (rank + difficulty do nicho) | Core job: log an expense by hand in seconds - amount, category, date/time, description | pop=5 = PISO da escala Astro, volume DESCONHECIDO (nao e ""termo facil com volume"") | 18 avaliacoes nesta loja, 161 inst 1*/90d, 5,7 inst/dia no app inteiro | pop nao confiavel: unica fonte de volume e o backup Astro de out/2025 (sem ASC Search Terms, sem Apple Ads)"
despesas fixas,FIT,5,11,8,Despesas Mensais App (9); Controle de Gastos - Fleur (4806); Meus Gastos: Contas e Despesas (18),top3 max 4806 / soma 4833 = medio,CLIMB,top 5,despesas=despesas/NAME ; fixas=fixas/KEYWORDS,"SERP ao vivo confirma #3 | Fixed/recurring expenses with daily/weekly/monthly/yearly/weekdays repetition, automatic or suggeste | pop=5 = PISO da escala Astro, volume DESCONHECIDO (nao e ""termo facil com volume"") | 18 avaliacoes nesta loja, 161 inst 1*/90d, 5,7 inst/dia no app inteiro | pop nao confiavel: unica fonte de volume e o backup Astro de out/2025 (sem ASC Search Terms, sem Apple Ads)"
despesas gastos,FIT,5,38,36,Controle de gastos - MoneyNote (22240); Despesas - Contrôle de Gastos (1179); Minhas Despesas App (1245),top3 max 22240 / soma 24664 = pesado,CLIMB,top 30,despesas=despesas/NAME ; gastos=gastos/NAME,"Core job: log an expense by hand in seconds - amount, category, date/time, description | pop=5 = PISO da escala Astro, volume DESCONHECIDO (nao e ""termo facil com volume"") | 18 avaliacoes nesta loja, 161 inst 1*/90d, 5,7 inst/dia no app inteiro | pop nao confiavel: unica fonte de volume e o backup Astro de out/2025 (sem ASC Search Terms, sem Apple Ads)"
despesas grupo,FIT,5,15,OUT,SERP nao medida,heranca de categoria,LOTTERY,—,n/d,"sem SERP propria: classificado por heranca de categoria (rank + difficulty do nicho) | Core job: log an expense by hand in seconds - amount, category, date/time, description | pop=5 = PISO da escala Astro, volume DESCONHECIDO (nao e ""termo facil com volume"") | 18 avaliacoes nesta loja, 161 inst 1*/90d, 5,7 inst/dia no app inteiro | pop nao confiavel: unica fonte de volume e o backup Astro de out/2025 (sem ASC Search Terms, sem Apple Ads)"
despesas mensais,FIT,5,52,OUT,SERP nao medida,heranca de categoria,UNWINNABLE,—,n/d,"sem SERP propria: classificado por heranca de categoria (rank + difficulty do nicho) | Core job: log an expense by hand in seconds - amount, category, date/time, description | pop=5 = PISO da escala Astro, volume DESCONHECIDO (nao e ""termo facil com volume"") | 18 avaliacoes nesta loja, 161 inst 1*/90d, 5,7 inst/dia no app inteiro | pop nao confiavel: unica fonte de volume e o backup Astro de out/2025 (sem ASC Search Terms, sem Apple Ads)"
despesas pessoais,FIT,5,58,OUT,SERP nao medida,heranca de categoria,UNWINNABLE,—,n/d,"sem SERP propria: classificado por heranca de categoria (rank + difficulty do nicho) | Core job: log an expense by hand in seconds - amount, category, date/time, description | pop=5 = PISO da escala Astro, volume DESCONHECIDO (nao e ""termo facil com volume"") | 18 avaliacoes nesta loja, 161 inst 1*/90d, 5,7 inst/dia no app inteiro | pop nao confiavel: unica fonte de volume e o backup Astro de out/2025 (sem ASC Search Terms, sem Apple Ads)"
despesas por categoria,FIT,5,5,2,Richer Finance (0); Meus Gastos: Contas e Despesas (18); Gastos e despesas: controle (0),top3 max 18 / soma 18 = vazio,DOMINATE,#1,despesas=despesas/NAME ; categoria=categorias/KEYWORDS,"SERP ao vivo confirma #2 | 14 built-in categories plus user-created ones with custom name, icon and colour | pop=5 = PISO da escala Astro, volume DESCONHECIDO (nao e ""termo facil com volume"") | diff=5 tambem e piso de escala | 18 avaliacoes nesta loja, 161 inst 1*/90d, 5,7 inst/dia no app inteiro | pop nao confiavel: unica fonte de volume e o backup Astro de out/2025 (sem ASC Search Terms, sem Apple Ads)"
despesas recorrentes,FIT,5,5,OUT,SERP nao medida,heranca de categoria,LOTTERY,—,n/d,"sem SERP propria: classificado por heranca de categoria (rank + difficulty do nicho) | Fixed/recurring expenses with daily/weekly/monthly/yearly/weekdays repetition, automatic or suggeste | pop=5 = PISO da escala Astro, volume DESCONHECIDO (nao e ""termo facil com volume"") | diff=5 tambem e piso de escala | 18 avaliacoes nesta loja, 161 inst 1*/90d, 5,7 inst/dia no app inteiro | pop nao confiavel: unica fonte de volume e o backup Astro de out/2025 (sem ASC Search Terms, sem Apple Ads)"
despesas variáveis,FIT,5,5,OUT,SERP nao medida,heranca de categoria,LOTTERY,—,n/d,"sem SERP propria: classificado por heranca de categoria (rank + difficulty do nicho) | Core job: log an expense by hand in seconds - amount, category, date/time, description | pop=5 = PISO da escala Astro, volume DESCONHECIDO (nao e ""termo facil com volume"") | diff=5 tambem e piso de escala | 18 avaliacoes nesta loja, 161 inst 1*/90d, 5,7 inst/dia no app inteiro | pop nao confiavel: unica fonte de volume e o backup Astro de out/2025 (sem ASC Search Terms, sem Apple Ads)"
despezzas,FIT,5,36,OUT,SERP nao medida,heranca de categoria,LOTTERY,—,n/d,"sem SERP propria: classificado por heranca de categoria (rank + difficulty do nicho) | Misspelling of 'despesas'; the intent is the core job of logging an expense | pop=5 = PISO da escala Astro, volume DESCONHECIDO (nao e ""termo facil com volume"") | 18 avaliacoes nesta loja, 161 inst 1*/90d, 5,7 inst/dia no app inteiro | pop nao confiavel: unica fonte de volume e o backup Astro de out/2025 (sem ASC Search Terms, sem Apple Ads)"
diario de compras,FIT,5,15,OUT,SERP nao medida,heranca de categoria,LOTTERY,—,n/d,"sem SERP propria: classificado por heranca de categoria (rank + difficulty do nicho) | A purchase diary IS the app: every entry is amount + category + date + description | pop=5 = PISO da escala Astro, volume DESCONHECIDO (nao e ""termo facil com volume"") | 18 avaliacoes nesta loja, 161 inst 1*/90d, 5,7 inst/dia no app inteiro | pop nao confiavel: unica fonte de volume e o backup Astro de out/2025 (sem ASC Search Terms, sem Apple Ads)"
diario de despesas,FIT,5,19,34,Monefy: Finanças pessoais (1321); Carteira – Diário de despesas (0); Minhas Finanças e Despesas (353),top3 max 1321 / soma 1674 = medio,CLIMB,top 15,diario=diario/KEYWORDS ; despesas=despesas/NAME,"Core job: log an expense by hand in seconds - amount, category, date/time, description | pop=5 = PISO da escala Astro, volume DESCONHECIDO (nao e ""termo facil com volume"") | 18 avaliacoes nesta loja, 161 inst 1*/90d, 5,7 inst/dia no app inteiro | pop nao confiavel: unica fonte de volume e o backup Astro de out/2025 (sem ASC Search Terms, sem Apple Ads)"
diario de gastos,FIT,5,49,58,SERP nao medida,heranca de categoria,CLIMB,top 50,diario=diario/KEYWORDS ; gastos=gastos/NAME,"sem SERP propria: classificado por heranca de categoria (rank + difficulty do nicho) | Core job: log an expense by hand in seconds - amount, category, date/time, description | pop=5 = PISO da escala Astro, volume DESCONHECIDO (nao e ""termo facil com volume"") | 18 avaliacoes nesta loja, 161 inst 1*/90d, 5,7 inst/dia no app inteiro | pop nao confiavel: unica fonte de volume e o backup Astro de out/2025 (sem ASC Search Terms, sem Apple Ads)"
diario financeiro,PARTIAL,5,21,OUT,SERP nao medida,heranca de categoria,LOTTERY,—,n/d,"sem SERP propria: classificado por heranca de categoria (rank + difficulty do nicho) | Broad finance pool (banking, investing, income) where the app is expense-only; plausible but partial | pop=5 = PISO da escala Astro, volume DESCONHECIDO (nao e ""termo facil com volume"") | 18 avaliacoes nesta loja, 161 inst 1*/90d, 5,7 inst/dia no app inteiro | pop nao confiavel: unica fonte de volume e o backup Astro de out/2025 (sem ASC Search Terms, sem Apple Ads)"
dinheiro,PARTIAL,53,59,OUT,Sampo: Caminhe e Ganhe Dólar (306); Golden Survey: Ganhar Dinheiro (6352); Prime Opinion: Ganhar Dinheiro (10957),top3 max 10957 / soma 17615 = pesado,UNWINNABLE,—,n/d,"'Money' pool is broad (banking, transfers, games); the expense-tracker reading is only one of severa | 18 avaliacoes nesta loja, 161 inst 1*/90d, 5,7 inst/dia no app inteiro | pop nao confiavel: unica fonte de volume e o backup Astro de out/2025 (sem ASC Search Terms, sem Apple Ads)"
divisão de contas,PARTIAL,5,38,OUT,SERP nao medida,heranca de categoria,LOTTERY,—,n/d,"sem SERP propria: classificado por heranca de categoria (rank + difficulty do nicho) | Polysemous in pt-BR: bank accounts and bills-with-due-dates dominate the pool; we only log a bill as | pop=5 = PISO da escala Astro, volume DESCONHECIDO (nao e ""termo facil com volume"") | 18 avaliacoes nesta loja, 161 inst 1*/90d, 5,7 inst/dia no app inteiro | pop nao confiavel: unica fonte de volume e o backup Astro de out/2025 (sem ASC Search Terms, sem Apple Ads)"
diário gastos,FIT,5,17,28,Gastos Diários: Finanças (3655); Guia Bolso－Controle De Gastos (26); Gastos diarios (1),top3 max 3655 / soma 3682 = medio,CLIMB,top 10,diário=diario/KEYWORDS ; gastos=gastos/NAME,"Core job: log an expense by hand in seconds - amount, category, date/time, description | pop=5 = PISO da escala Astro, volume DESCONHECIDO (nao e ""termo facil com volume"") | 18 avaliacoes nesta loja, 161 inst 1*/90d, 5,7 inst/dia no app inteiro | pop nao confiavel: unica fonte de volume e o backup Astro de out/2025 (sem ASC Search Terms, sem Apple Ads)"
do,PARTIAL,5,0,OUT,SERP nao medida,heranca de categoria,LOTTERY,—,n/d,"sem SERP propria: classificado por heranca de categoria (rank + difficulty do nicho) | Grammatical particle or brand possessive split out of the live name/subtitle; it carries no standalo | pop=5 = PISO da escala Astro, volume DESCONHECIDO (nao e ""termo facil com volume"") | diff=5 tambem e piso de escala | 18 avaliacoes nesta loja, 161 inst 1*/90d, 5,7 inst/dia no app inteiro | pop nao confiavel: unica fonte de volume e o backup Astro de out/2025 (sem ASC Search Terms, sem Apple Ads) | alimenta composicoes ja rankeadas: #4 gastos do casal, #4 planilha do casal, #6 contas do casal, #9 economia do casal, #9 economias do casal"
economia,PARTIAL,7,51,OUT,SERP nao medida,heranca de categoria,UNWINNABLE,—,n/d,"sem SERP propria: classificado por heranca de categoria (rank + difficulty do nicho) | Spending less is the outcome the app actually drives (see where it goes, cap a category), but there | 18 avaliacoes nesta loja, 161 inst 1*/90d, 5,7 inst/dia no app inteiro | pop nao confiavel: unica fonte de volume e o backup Astro de out/2025 (sem ASC Search Terms, sem Apple Ads)"
economia doméstica,PARTIAL,5,7,OUT,SERP nao medida,heranca de categoria,LOTTERY,—,n/d,"sem SERP propria: classificado por heranca de categoria (rank + difficulty do nicho) | A household budget run by ONE person on one phone is exactly the app; a family SHARING one ledger is | pop=5 = PISO da escala Astro, volume DESCONHECIDO (nao e ""termo facil com volume"") | 18 avaliacoes nesta loja, 161 inst 1*/90d, 5,7 inst/dia no app inteiro | pop nao confiavel: unica fonte de volume e o backup Astro de out/2025 (sem ASC Search Terms, sem Apple Ads)"
economias mensais,FIT,5,42,17,Controle de gastos - MoneyNote (22240); Minhas Economias (58288); Controle de Gastos - Fleur (4806),top3 max 58288 / soma 85334 = pesado,CLIMB,top 20,economias=economias/KEYWORDS ; mensais=mensais/KEYWORDS,"Month is the app's native frame: month selector, month totals, monthly insights, monthly budget | pop=5 = PISO da escala Astro, volume DESCONHECIDO (nao e ""termo facil com volume"") | 18 avaliacoes nesta loja, 161 inst 1*/90d, 5,7 inst/dia no app inteiro | pop nao confiavel: unica fonte de volume e o backup Astro de out/2025 (sem ASC Search Terms, sem Apple Ads)"
economizar,PARTIAL,5,51,OUT,SERP nao medida,heranca de categoria,UNWINNABLE,—,n/d,"sem SERP propria: classificado por heranca de categoria (rank + difficulty do nicho) | Spending less is the outcome the app actually drives (see where it goes, cap a category), but there | pop=5 = PISO da escala Astro, volume DESCONHECIDO (nao e ""termo facil com volume"") | 18 avaliacoes nesta loja, 161 inst 1*/90d, 5,7 inst/dia no app inteiro | pop nao confiavel: unica fonte de volume e o backup Astro de out/2025 (sem ASC Search Terms, sem Apple Ads)"
economizar dinheiro,PARTIAL,5,21,OUT,SERP nao medida,heranca de categoria,LOTTERY,—,n/d,"sem SERP propria: classificado por heranca de categoria (rank + difficulty do nicho) | Spending less is the outcome the app actually drives (see where it goes, cap a category), but there | pop=5 = PISO da escala Astro, volume DESCONHECIDO (nao e ""termo facil com volume"") | 18 avaliacoes nesta loja, 161 inst 1*/90d, 5,7 inst/dia no app inteiro | pop nao confiavel: unica fonte de volume e o backup Astro de out/2025 (sem ASC Search Terms, sem Apple Ads)"
economize,PARTIAL,24,38,OUT,Economize+ Clube de Benefícios (8); Economizecar Passageiro (64); Economize.VC (5),top3 max 64 / soma 77 = leve,LOTTERY,top 50,n/d,"Spending less is the outcome the app actually drives (see where it goes, cap a category), but there | 18 avaliacoes nesta loja, 161 inst 1*/90d, 5,7 inst/dia no app inteiro | pop nao confiavel: unica fonte de volume e o backup Astro de out/2025 (sem ASC Search Terms, sem Apple Ads)"
educação financeira,PARTIAL,5,51,OUT,SERP nao medida,heranca de categoria,UNWINNABLE,—,n/d,"sem SERP propria: classificado por heranca de categoria (rank + difficulty do nicho) | Broad finance pool (banking, investing, income) where the app is expense-only; plausible but partial | pop=5 = PISO da escala Astro, volume DESCONHECIDO (nao e ""termo facil com volume"") | 18 avaliacoes nesta loja, 161 inst 1*/90d, 5,7 inst/dia no app inteiro | pop nao confiavel: unica fonte de volume e o backup Astro de out/2025 (sem ASC Search Terms, sem Apple Ads)"
entrada saída dinheiro,PARTIAL,5,5,OUT,SERP nao medida,heranca de categoria,LOTTERY,—,n/d,"sem SERP propria: classificado por heranca de categoria (rank + difficulty do nicho) | 'Money' pool is broad (banking, transfers, games); the expense-tracker reading is only one of severa | pop=5 = PISO da escala Astro, volume DESCONHECIDO (nao e ""termo facil com volume"") | diff=5 tambem e piso de escala | 18 avaliacoes nesta loja, 161 inst 1*/90d, 5,7 inst/dia no app inteiro | pop nao confiavel: unica fonte de volume e o backup Astro de out/2025 (sem ASC Search Terms, sem Apple Ads)"
expense,FIT,7,23,OUT,SERP nao medida,heranca de categoria,LOTTERY,—,n/d,"sem SERP propria: classificado por heranca de categoria (rank + difficulty do nicho) | Core job: log an expense by hand in seconds - amount, category, date/time, description | 18 avaliacoes nesta loja, 161 inst 1*/90d, 5,7 inst/dia no app inteiro | pop nao confiavel: unica fonte de volume e o backup Astro de out/2025 (sem ASC Search Terms, sem Apple Ads)"
expense tracker,FIT,9,38,OUT,SERP nao medida,heranca de categoria,LOTTERY,—,n/d,"sem SERP propria: classificado por heranca de categoria (rank + difficulty do nicho) | Core job: log an expense by hand in seconds - amount, category, date/time, description | 18 avaliacoes nesta loja, 161 inst 1*/90d, 5,7 inst/dia no app inteiro | pop nao confiavel: unica fonte de volume e o backup Astro de out/2025 (sem ASC Search Terms, sem Apple Ads)"
expenses,FIT,30,19,OUT,Gestor de despesas (1641); Controle de Despesas (1217); Expenses: Rastreador de gastos (74),top3 max 1641 / soma 2932 = medio,LOTTERY,—,n/d,"Core job: log an expense by hand in seconds - amount, category, date/time, description | 18 avaliacoes nesta loja, 161 inst 1*/90d, 5,7 inst/dia no app inteiro | pop nao confiavel: unica fonte de volume e o backup Astro de out/2025 (sem ASC Search Terms, sem Apple Ads)"
exportar despesas excel,FIT,5,5,OUT,SERP nao medida,heranca de categoria,LOTTERY,—,n/d,"sem SERP propria: classificado por heranca de categoria (rank + difficulty do nicho) | Export to Excel (.xlsx), PDF or plain text, via share sheet or a folder you pick - and it is FREE | pop=5 = PISO da escala Astro, volume DESCONHECIDO (nao e ""termo facil com volume"") | diff=5 tambem e piso de escala | 18 avaliacoes nesta loja, 161 inst 1*/90d, 5,7 inst/dia no app inteiro | pop nao confiavel: unica fonte de volume e o backup Astro de out/2025 (sem ASC Search Terms, sem Apple Ads)"
extrato,FIT,5,44,73,SERP nao medida,heranca de categoria,CLIMB,top 50,extrato=extrato/KEYWORDS,"sem SERP propria: classificado por heranca de categoria (rank + difficulty do nicho) | Per-category statement listing that category's expenses, with its own export | pop=5 = PISO da escala Astro, volume DESCONHECIDO (nao e ""termo facil com volume"") | 18 avaliacoes nesta loja, 161 inst 1*/90d, 5,7 inst/dia no app inteiro | pop nao confiavel: unica fonte de volume e o backup Astro de out/2025 (sem ASC Search Terms, sem Apple Ads)"
extrato de gastos,FIT,5,7,7,Kontto: Finanças Pessoais (23); Recta: Controle financeiro (0); Visor: Finanças Pessoais e IA (142),top3 max 142 / soma 165 = leve,DOMINATE,top 3,extrato=extrato/KEYWORDS ; gastos=gastos/NAME,"SERP ao vivo confirma #8 | Per-category statement listing that category's expenses, with its own export | pop=5 = PISO da escala Astro, volume DESCONHECIDO (nao e ""termo facil com volume"") | 18 avaliacoes nesta loja, 161 inst 1*/90d, 5,7 inst/dia no app inteiro | pop nao confiavel: unica fonte de volume e o backup Astro de out/2025 (sem ASC Search Terms, sem Apple Ads)"
extrato gastos,FIT,5,7,5,Kontto: Finanças Pessoais (23); Recta: Controle financeiro (0); Visor: Finanças Pessoais e IA (142),top3 max 142 / soma 165 = leve,DOMINATE,top 3,extrato=extrato/KEYWORDS ; gastos=gastos/NAME,"SERP ao vivo confirma #5 | Per-category statement listing that category's expenses, with its own export | pop=5 = PISO da escala Astro, volume DESCONHECIDO (nao e ""termo facil com volume"") | 18 avaliacoes nesta loja, 161 inst 1*/90d, 5,7 inst/dia no app inteiro | pop nao confiavel: unica fonte de volume e o backup Astro de out/2025 (sem ASC Search Terms, sem Apple Ads)"
extrato por categoria,FIT,5,5,2,Richer Finance (0); Meus Gastos: Contas e Despesas (18); MetaGastos (0),top3 max 18 / soma 18 = vazio,DOMINATE,#1,extrato=extrato/KEYWORDS ; categoria=categorias/KEYWORDS,"SERP ao vivo confirma #2 | 14 built-in categories plus user-created ones with custom name, icon and colour | pop=5 = PISO da escala Astro, volume DESCONHECIDO (nao e ""termo facil com volume"") | diff=5 tambem e piso de escala | 18 avaliacoes nesta loja, 161 inst 1*/90d, 5,7 inst/dia no app inteiro | pop nao confiavel: unica fonte de volume e o backup Astro de out/2025 (sem ASC Search Terms, sem Apple Ads)"
familiar,PARTIAL,18,21,OUT,SERP nao medida,heranca de categoria,LOTTERY,—,n/d,"sem SERP propria: classificado por heranca de categoria (rank + difficulty do nicho) | A household budget run by ONE person on one phone is exactly the app; a family SHARING one ledger is | 18 avaliacoes nesta loja, 161 inst 1*/90d, 5,7 inst/dia no app inteiro | pop nao confiavel: unica fonte de volume e o backup Astro de out/2025 (sem ASC Search Terms, sem Apple Ads)"
familiares,PARTIAL,5,9,OUT,SERP nao medida,heranca de categoria,LOTTERY,—,n/d,"sem SERP propria: classificado por heranca de categoria (rank + difficulty do nicho) | A household budget run by ONE person on one phone is exactly the app; a family SHARING one ledger is | pop=5 = PISO da escala Astro, volume DESCONHECIDO (nao e ""termo facil com volume"") | 18 avaliacoes nesta loja, 161 inst 1*/90d, 5,7 inst/dia no app inteiro | pop nao confiavel: unica fonte de volume e o backup Astro de out/2025 (sem ASC Search Terms, sem Apple Ads)"
família,PARTIAL,5,62,OUT,SERP nao medida,heranca de categoria,UNWINNABLE,—,n/d,"sem SERP propria: classificado por heranca de categoria (rank + difficulty do nicho) | A household budget run by ONE person on one phone is exactly the app; a family SHARING one ledger is | pop=5 = PISO da escala Astro, volume DESCONHECIDO (nao e ""termo facil com volume"") | 18 avaliacoes nesta loja, 161 inst 1*/90d, 5,7 inst/dia no app inteiro | pop nao confiavel: unica fonte de volume e o backup Astro de out/2025 (sem ASC Search Terms, sem Apple Ads)"
financas,PARTIAL,53,56,OUT,Mobills - Controle de gastos (168935); Minhas Finanças: Controle e IA (9653); Organizze - Finanças pessoais (46013),top3 max 168935 / soma 224601 = muro,UNWINNABLE,—,n/d,"Broad finance pool (banking, investing, income) where the app is expense-only; plausible but partial | 18 avaliacoes nesta loja, 161 inst 1*/90d, 5,7 inst/dia no app inteiro | pop nao confiavel: unica fonte de volume e o backup Astro de out/2025 (sem ASC Search Terms, sem Apple Ads)"
financas familiares,PARTIAL,5,42,OUT,SERP nao medida,heranca de categoria,LOTTERY,—,n/d,"sem SERP propria: classificado por heranca de categoria (rank + difficulty do nicho) | A household budget run by ONE person on one phone is exactly the app; a family SHARING one ledger is | pop=5 = PISO da escala Astro, volume DESCONHECIDO (nao e ""termo facil com volume"") | 18 avaliacoes nesta loja, 161 inst 1*/90d, 5,7 inst/dia no app inteiro | pop nao confiavel: unica fonte de volume e o backup Astro de out/2025 (sem ASC Search Terms, sem Apple Ads)"
financas pessoais,PARTIAL,5,55,154,SERP nao medida,heranca de categoria,UNWINNABLE,—,financas=finanças/SUBTITLE ; pessoais=pessoais/SUBTITLE,"sem SERP propria: classificado por heranca de categoria (rank + difficulty do nicho) | Broad finance pool (banking, investing, income) where the app is expense-only; plausible but partial | pop=5 = PISO da escala Astro, volume DESCONHECIDO (nao e ""termo facil com volume"") | 18 avaliacoes nesta loja, 161 inst 1*/90d, 5,7 inst/dia no app inteiro | pop nao confiavel: unica fonte de volume e o backup Astro de out/2025 (sem ASC Search Terms, sem Apple Ads)"
financas pessoais e familiares,PARTIAL,5,42,58,SERP nao medida,heranca de categoria,CLIMB,top 50,financas=finanças/SUBTITLE ; pessoais=pessoais/SUBTITLE ; e=e/NAME+e/SUBTITLE ; familiares=SEM TOKEN,"sem SERP propria: classificado por heranca de categoria (rank + difficulty do nicho) | A household budget run by ONE person on one phone is exactly the app; a family SHARING one ledger is | pop=5 = PISO da escala Astro, volume DESCONHECIDO (nao e ""termo facil com volume"") | 18 avaliacoes nesta loja, 161 inst 1*/90d, 5,7 inst/dia no app inteiro | pop nao confiavel: unica fonte de volume e o backup Astro de out/2025 (sem ASC Search Terms, sem Apple Ads)"
financas pessoais offline,FIT,5,5,OUT,SERP nao medida,heranca de categoria,LOTTERY,—,n/d,"sem SERP propria: classificado por heranca de categoria (rank + difficulty do nicho) | Fully usable offline with no account: every repository is local-first on SharedPreferences | pop=5 = PISO da escala Astro, volume DESCONHECIDO (nao e ""termo facil com volume"") | diff=5 tambem e piso de escala | 18 avaliacoes nesta loja, 161 inst 1*/90d, 5,7 inst/dia no app inteiro | pop nao confiavel: unica fonte de volume e o backup Astro de out/2025 (sem ASC Search Terms, sem Apple Ads)"
financas simples,PARTIAL,5,45,OUT,SERP nao medida,heranca de categoria,LOTTERY,—,n/d,"sem SERP propria: classificado por heranca de categoria (rank + difficulty do nicho) | Broad finance pool (banking, investing, income) where the app is expense-only; plausible but partial | pop=5 = PISO da escala Astro, volume DESCONHECIDO (nao e ""termo facil com volume"") | 18 avaliacoes nesta loja, 161 inst 1*/90d, 5,7 inst/dia no app inteiro | pop nao confiavel: unica fonte de volume e o backup Astro de out/2025 (sem ASC Search Terms, sem Apple Ads)"
finance,PARTIAL,48,37,OUT,Aelect Finance (595); Empréstimos: Centrocred SA (325); Advance Travel Fin (444),top3 max 595 / soma 1364 = leve,LOTTERY,top 50,n/d,"Broad finance pool (banking, investing, income) where the app is expense-only; plausible but partial | 18 avaliacoes nesta loja, 161 inst 1*/90d, 5,7 inst/dia no app inteiro | pop nao confiavel: unica fonte de volume e o backup Astro de out/2025 (sem ASC Search Terms, sem Apple Ads)"
financeiro,PARTIAL,30,55,OUT,Mobills - Controle de gastos (168935); Minhas Finanças: Controle e IA (9653); Controle Financeiro Facil (1064),top3 max 168935 / soma 179652 = muro,UNWINNABLE,—,n/d,"Broad finance pool (banking, investing, income) where the app is expense-only; plausible but partial | 18 avaliacoes nesta loja, 161 inst 1*/90d, 5,7 inst/dia no app inteiro | pop nao confiavel: unica fonte de volume e o backup Astro de out/2025 (sem ASC Search Terms, sem Apple Ads)"
financeiro de despesa,FIT,5,17,OUT,SERP nao medida,heranca de categoria,LOTTERY,—,n/d,"sem SERP propria: classificado por heranca de categoria (rank + difficulty do nicho) | Core job: log an expense by hand in seconds - amount, category, date/time, description | pop=5 = PISO da escala Astro, volume DESCONHECIDO (nao e ""termo facil com volume"") | 18 avaliacoes nesta loja, 161 inst 1*/90d, 5,7 inst/dia no app inteiro | pop nao confiavel: unica fonte de volume e o backup Astro de out/2025 (sem ASC Search Terms, sem Apple Ads)"
financeiro pessoal,PARTIAL,5,48,OUT,SERP nao medida,heranca de categoria,UNWINNABLE,—,n/d,"sem SERP propria: classificado por heranca de categoria (rank + difficulty do nicho) | Broad finance pool (banking, investing, income) where the app is expense-only; plausible but partial | pop=5 = PISO da escala Astro, volume DESCONHECIDO (nao e ""termo facil com volume"") | 18 avaliacoes nesta loja, 161 inst 1*/90d, 5,7 inst/dia no app inteiro | pop nao confiavel: unica fonte de volume e o backup Astro de out/2025 (sem ASC Search Terms, sem Apple Ads)"
financial,PARTIAL,14,5,OUT,SERP nao medida,heranca de categoria,LOTTERY,—,n/d,"sem SERP propria: classificado por heranca de categoria (rank + difficulty do nicho) | Broad finance pool (banking, investing, income) where the app is expense-only; plausible but partial | diff=5 tambem e piso de escala | 18 avaliacoes nesta loja, 161 inst 1*/90d, 5,7 inst/dia no app inteiro | pop nao confiavel: unica fonte de volume e o backup Astro de out/2025 (sem ASC Search Terms, sem Apple Ads)"
finanças,PARTIAL,52,62,OUT,Mobills - Controle de gastos (168935); Minhas Finanças: Controle e IA (9653); Organizze - Finanças pessoais (46013),top3 max 168935 / soma 224601 = muro,UNWINNABLE,—,n/d,"Broad finance pool (banking, investing, income) where the app is expense-only; plausible but partial | 18 avaliacoes nesta loja, 161 inst 1*/90d, 5,7 inst/dia no app inteiro | pop nao confiavel: unica fonte de volume e o backup Astro de out/2025 (sem ASC Search Terms, sem Apple Ads) | alimenta composicoes ja rankeadas: #3 financas pessoais casal, #12 financas compartilhadas, #19 gastos finanças, #22 financas do casal"
finanças controle,FIT,5,54,OUT,SERP nao medida,heranca de categoria,UNWINNABLE,—,n/d,"sem SERP propria: classificado por heranca de categoria (rank + difficulty do nicho) | Expense control is the app's headline job: log, categorise, cap, see where it went | pop=5 = PISO da escala Astro, volume DESCONHECIDO (nao e ""termo facil com volume"") | 18 avaliacoes nesta loja, 161 inst 1*/90d, 5,7 inst/dia no app inteiro | pop nao confiavel: unica fonte de volume e o backup Astro de out/2025 (sem ASC Search Terms, sem Apple Ads)"
finanças empresa,PARTIAL,5,53,OUT,SERP nao medida,heranca de categoria,UNWINNABLE,—,n/d,"sem SERP propria: classificado por heranca de categoria (rank + difficulty do nicho) | Broad finance pool (banking, investing, income) where the app is expense-only; plausible but partial | pop=5 = PISO da escala Astro, volume DESCONHECIDO (nao e ""termo facil com volume"") | 18 avaliacoes nesta loja, 161 inst 1*/90d, 5,7 inst/dia no app inteiro | pop nao confiavel: unica fonte de volume e o backup Astro de out/2025 (sem ASC Search Terms, sem Apple Ads)"
finanças pessoais,PARTIAL,59,63,220,Mobills - Controle de gastos (168935); Minhas Finanças: Controle e IA (9653); Controle de Gastos - Fleur (4806),top3 max 168935 / soma 183394 = muro,UNWINNABLE,—,finanças=finanças/SUBTITLE ; pessoais=pessoais/SUBTITLE,"Broad finance pool (banking, investing, income) where the app is expense-only; plausible but partial | 18 avaliacoes nesta loja, 161 inst 1*/90d, 5,7 inst/dia no app inteiro | pop nao confiavel: unica fonte de volume e o backup Astro de out/2025 (sem ASC Search Terms, sem Apple Ads)"
finanças pessoais em controle,FIT,5,35,OUT,SERP nao medida,heranca de categoria,LOTTERY,—,n/d,"sem SERP propria: classificado por heranca de categoria (rank + difficulty do nicho) | Expense control is the app's headline job: log, categorise, cap, see where it went | pop=5 = PISO da escala Astro, volume DESCONHECIDO (nao e ""termo facil com volume"") | 18 avaliacoes nesta loja, 161 inst 1*/90d, 5,7 inst/dia no app inteiro | pop nao confiavel: unica fonte de volume e o backup Astro de out/2025 (sem ASC Search Terms, sem Apple Ads)"
fixas,FIT,5,0,OUT,SERP nao medida,heranca de categoria,LOTTERY,—,n/d,"sem SERP propria: classificado por heranca de categoria (rank + difficulty do nicho) | Fixed/recurring expenses with daily/weekly/monthly/yearly/weekdays repetition, automatic or suggeste | pop=5 = PISO da escala Astro, volume DESCONHECIDO (nao e ""termo facil com volume"") | diff=5 tambem e piso de escala | 18 avaliacoes nesta loja, 161 inst 1*/90d, 5,7 inst/dia no app inteiro | pop nao confiavel: unica fonte de volume e o backup Astro de out/2025 (sem ASC Search Terms, sem Apple Ads) | alimenta composicoes ja rankeadas: #3 gastos fixos mensais, #8 despesas fixas, #26 contas fixas"
fleur gastos,FIT,6,42,OUT,SERP nao medida,heranca de categoria,LOTTERY,—,n/d,"sem SERP propria: classificado por heranca de categoria (rank + difficulty do nicho) | Core job: log an expense by hand in seconds - amount, category, date/time, description | 18 avaliacoes nesta loja, 161 inst 1*/90d, 5,7 inst/dia no app inteiro | pop nao confiavel: unica fonte de volume e o backup Astro de out/2025 (sem ASC Search Terms, sem Apple Ads)"
fácil,PARTIAL,5,44,OUT,SERP nao medida,heranca de categoria,LOTTERY,—,n/d,"sem SERP propria: classificado por heranca de categoria (rank + difficulty do nicho) | Generic qualifier 'easy'; no intent of its own | pop=5 = PISO da escala Astro, volume DESCONHECIDO (nao e ""termo facil com volume"") | 18 avaliacoes nesta loja, 161 inst 1*/90d, 5,7 inst/dia no app inteiro | pop nao confiavel: unica fonte de volume e o backup Astro de out/2025 (sem ASC Search Terms, sem Apple Ads)"
gastar menos,PARTIAL,5,15,OUT,SERP nao medida,heranca de categoria,LOTTERY,—,n/d,"sem SERP propria: classificado por heranca de categoria (rank + difficulty do nicho) | Spending less is the outcome the app drives (see where it goes, cap a category), but there is no coa | pop=5 = PISO da escala Astro, volume DESCONHECIDO (nao e ""termo facil com volume"") | 18 avaliacoes nesta loja, 161 inst 1*/90d, 5,7 inst/dia no app inteiro | pop nao confiavel: unica fonte de volume e o backup Astro de out/2025 (sem ASC Search Terms, sem Apple Ads)"
gasto,FIT,5,55,OUT,SERP nao medida,heranca de categoria,UNWINNABLE,—,n/d,"sem SERP propria: classificado por heranca de categoria (rank + difficulty do nicho) | Core job: log an expense by hand in seconds - amount, category, date/time, description | pop=5 = PISO da escala Astro, volume DESCONHECIDO (nao e ""termo facil com volume"") | 18 avaliacoes nesta loja, 161 inst 1*/90d, 5,7 inst/dia no app inteiro | pop nao confiavel: unica fonte de volume e o backup Astro de out/2025 (sem ASC Search Terms, sem Apple Ads)"
gastos,FIT,38,63,OUT,Mobills - Controle de gastos (168935); Gestor de Orçamento e Despesas (7679); Controle de gastos - MoneyNote (22240),top3 max 168935 / soma 198854 = muro,UNWINNABLE,—,n/d,"Core job: log an expense by hand in seconds - amount, category, date/time, description | 18 avaliacoes nesta loja, 161 inst 1*/90d, 5,7 inst/dia no app inteiro | pop nao confiavel: unica fonte de volume e o backup Astro de out/2025 (sem ASC Search Terms, sem Apple Ads) | alimenta composicoes ja rankeadas: #1 gastos mensais casal, #1 gastos mensais por categoria, #1 meus gastos diarios, #1 resumo de gastos, #2 gastos compartilhados"
gastos com mercado,FIT,5,21,OUT,SERP nao medida,heranca de categoria,LOTTERY,—,n/d,"sem SERP propria: classificado por heranca de categoria (rank + difficulty do nicho) | Core job: log an expense by hand in seconds - amount, category, date/time, description | pop=5 = PISO da escala Astro, volume DESCONHECIDO (nao e ""termo facil com volume"") | 18 avaliacoes nesta loja, 161 inst 1*/90d, 5,7 inst/dia no app inteiro | pop nao confiavel: unica fonte de volume e o backup Astro de out/2025 (sem ASC Search Terms, sem Apple Ads)"
gastos contas,PARTIAL,5,21,2,"Meus Gastos: Contas e Despesas (18); Controle de Gastos: Paguei! (32); Revolut: envie, gaste e poupe (32566)",top3 max 32566 / soma 32616 = pesado,CLIMB,manter top 5,gastos=gastos/NAME ; contas=contas/KEYWORDS+contas/NAME,"SERP ao vivo confirma #1 | Polysemous in pt-BR: bank accounts and bills-with-due-dates dominate the pool; we only log a bill as | pop=5 = PISO da escala Astro, volume DESCONHECIDO (nao e ""termo facil com volume"") | 18 avaliacoes nesta loja, 161 inst 1*/90d, 5,7 inst/dia no app inteiro | pop nao confiavel: unica fonte de volume e o backup Astro de out/2025 (sem ASC Search Terms, sem Apple Ads)"
gastos da casa,PARTIAL,5,32,OUT,SERP nao medida,heranca de categoria,LOTTERY,—,n/d,"sem SERP propria: classificado por heranca de categoria (rank + difficulty do nicho) | A household budget run by ONE person on one phone is exactly the app; a family SHARING one ledger is | pop=5 = PISO da escala Astro, volume DESCONHECIDO (nao e ""termo facil com volume"") | 18 avaliacoes nesta loja, 161 inst 1*/90d, 5,7 inst/dia no app inteiro | pop nao confiavel: unica fonte de volume e o backup Astro de out/2025 (sem ASC Search Terms, sem Apple Ads)"
gastos diarios,FIT,7,52,OUT,SERP nao medida,heranca de categoria,UNWINNABLE,—,n/d,"sem SERP propria: classificado por heranca de categoria (rank + difficulty do nicho) | Core job: log an expense by hand in seconds - amount, category, date/time, description | 18 avaliacoes nesta loja, 161 inst 1*/90d, 5,7 inst/dia no app inteiro | pop nao confiavel: unica fonte de volume e o backup Astro de out/2025 (sem ASC Search Terms, sem Apple Ads)"
gastos diários,FIT,5,52,191,SERP nao medida,heranca de categoria,UNWINNABLE,—,gastos=gastos/NAME ; diários=diario/KEYWORDS,"sem SERP propria: classificado por heranca de categoria (rank + difficulty do nicho) | Core job: log an expense by hand in seconds - amount, category, date/time, description | pop=5 = PISO da escala Astro, volume DESCONHECIDO (nao e ""termo facil com volume"") | 18 avaliacoes nesta loja, 161 inst 1*/90d, 5,7 inst/dia no app inteiro | pop nao confiavel: unica fonte de volume e o backup Astro de out/2025 (sem ASC Search Terms, sem Apple Ads)"
gastos do mes,FIT,5,53,OUT,SERP nao medida,heranca de categoria,UNWINNABLE,—,n/d,"sem SERP propria: classificado por heranca de categoria (rank + difficulty do nicho) | Core job: log an expense by hand in seconds - amount, category, date/time, description | pop=5 = PISO da escala Astro, volume DESCONHECIDO (nao e ""termo facil com volume"") | 18 avaliacoes nesta loja, 161 inst 1*/90d, 5,7 inst/dia no app inteiro | pop nao confiavel: unica fonte de volume e o backup Astro de out/2025 (sem ASC Search Terms, sem Apple Ads)"
gastos em excel,FIT,5,5,OUT,SERP nao medida,heranca de categoria,LOTTERY,—,n/d,"sem SERP propria: classificado por heranca de categoria (rank + difficulty do nicho) | Export to Excel (.xlsx), PDF or plain text, via share sheet or a folder you pick - and it is FREE | pop=5 = PISO da escala Astro, volume DESCONHECIDO (nao e ""termo facil com volume"") | diff=5 tambem e piso de escala | 18 avaliacoes nesta loja, 161 inst 1*/90d, 5,7 inst/dia no app inteiro | pop nao confiavel: unica fonte de volume e o backup Astro de out/2025 (sem ASC Search Terms, sem Apple Ads)"
gastos entre amigos,FIT,5,11,OUT,SERP nao medida,heranca de categoria,LOTTERY,—,n/d,"sem SERP propria: classificado por heranca de categoria (rank + difficulty do nicho) | Core job: log an expense by hand in seconds - amount, category, date/time, description | pop=5 = PISO da escala Astro, volume DESCONHECIDO (nao e ""termo facil com volume"") | 18 avaliacoes nesta loja, 161 inst 1*/90d, 5,7 inst/dia no app inteiro | pop nao confiavel: unica fonte de volume e o backup Astro de out/2025 (sem ASC Search Terms, sem Apple Ads)"
gastos familia,PARTIAL,5,37,OUT,SERP nao medida,heranca de categoria,LOTTERY,—,n/d,"sem SERP propria: classificado por heranca de categoria (rank + difficulty do nicho) | A household budget run by ONE person on one phone is exactly the app; a family SHARING one ledger is | pop=5 = PISO da escala Astro, volume DESCONHECIDO (nao e ""termo facil com volume"") | 18 avaliacoes nesta loja, 161 inst 1*/90d, 5,7 inst/dia no app inteiro | pop nao confiavel: unica fonte de volume e o backup Astro de out/2025 (sem ASC Search Terms, sem Apple Ads)"
gastos familiares,PARTIAL,5,46,220,SERP nao medida,heranca de categoria,UNWINNABLE,—,gastos=gastos/NAME ; familiares=SEM TOKEN,"sem SERP propria: classificado por heranca de categoria (rank + difficulty do nicho) | A household budget run by ONE person on one phone is exactly the app; a family SHARING one ledger is | pop=5 = PISO da escala Astro, volume DESCONHECIDO (nao e ""termo facil com volume"") | 18 avaliacoes nesta loja, 161 inst 1*/90d, 5,7 inst/dia no app inteiro | pop nao confiavel: unica fonte de volume e o backup Astro de out/2025 (sem ASC Search Terms, sem Apple Ads)"
gastos finanças,FIT,5,42,19,SERP nao medida,heranca de categoria,CLIMB,top 10,gastos=gastos/NAME ; finanças=finanças/SUBTITLE,"sem SERP propria: classificado por heranca de categoria (rank + difficulty do nicho) | Core job: log an expense by hand in seconds - amount, category, date/time, description | pop=5 = PISO da escala Astro, volume DESCONHECIDO (nao e ""termo facil com volume"") | 18 avaliacoes nesta loja, 161 inst 1*/90d, 5,7 inst/dia no app inteiro | pop nao confiavel: unica fonte de volume e o backup Astro de out/2025 (sem ASC Search Terms, sem Apple Ads)"
gastos fixos,FIT,5,23,OUT,SERP nao medida,heranca de categoria,LOTTERY,—,n/d,"sem SERP propria: classificado por heranca de categoria (rank + difficulty do nicho) | Fixed/recurring expenses with daily/weekly/monthly/yearly/weekdays repetition, automatic or suggeste | pop=5 = PISO da escala Astro, volume DESCONHECIDO (nao e ""termo facil com volume"") | 18 avaliacoes nesta loja, 161 inst 1*/90d, 5,7 inst/dia no app inteiro | pop nao confiavel: unica fonte de volume e o backup Astro de out/2025 (sem ASC Search Terms, sem Apple Ads)"
gastos fixos mensais,FIT,5,15,3,Controle de Gastos - Fleur (4806); Controle de Gastos: Money Gone (145); Meus Gastos: Contas e Despesas (18),top3 max 4806 / soma 4969 = medio,CLIMB,manter top 3,gastos=gastos/NAME ; fixos=fixas/KEYWORDS ; mensais=mensais/KEYWORDS,"SERP ao vivo confirma #3 | Fixed/recurring expenses with daily/weekly/monthly/yearly/weekdays repetition, automatic or suggeste | pop=5 = PISO da escala Astro, volume DESCONHECIDO (nao e ""termo facil com volume"") | 18 avaliacoes nesta loja, 161 inst 1*/90d, 5,7 inst/dia no app inteiro | pop nao confiavel: unica fonte de volume e o backup Astro de out/2025 (sem ASC Search Terms, sem Apple Ads)"
gastos gratis,FIT,5,63,OUT,SERP nao medida,heranca de categoria,UNWINNABLE,—,n/d,"sem SERP propria: classificado por heranca de categoria (rank + difficulty do nicho) | The entire single-device product is free: logging, categories, fixed expenses, budgets, charts, cale | pop=5 = PISO da escala Astro, volume DESCONHECIDO (nao e ""termo facil com volume"") | 18 avaliacoes nesta loja, 161 inst 1*/90d, 5,7 inst/dia no app inteiro | pop nao confiavel: unica fonte de volume e o backup Astro de out/2025 (sem ASC Search Terms, sem Apple Ads)"
gastos grupo,FIT,5,17,OUT,SERP nao medida,heranca de categoria,LOTTERY,—,n/d,"sem SERP propria: classificado por heranca de categoria (rank + difficulty do nicho) | Core job: log an expense by hand in seconds - amount, category, date/time, description | pop=5 = PISO da escala Astro, volume DESCONHECIDO (nao e ""termo facil com volume"") | 18 avaliacoes nesta loja, 161 inst 1*/90d, 5,7 inst/dia no app inteiro | pop nao confiavel: unica fonte de volume e o backup Astro de out/2025 (sem ASC Search Terms, sem Apple Ads)"
gastos mensais,FIT,5,55,OUT,SERP nao medida,heranca de categoria,UNWINNABLE,—,n/d,"sem SERP propria: classificado por heranca de categoria (rank + difficulty do nicho) | Core job: log an expense by hand in seconds - amount, category, date/time, description | pop=5 = PISO da escala Astro, volume DESCONHECIDO (nao e ""termo facil com volume"") | 18 avaliacoes nesta loja, 161 inst 1*/90d, 5,7 inst/dia no app inteiro | pop nao confiavel: unica fonte de volume e o backup Astro de out/2025 (sem ASC Search Terms, sem Apple Ads)"
gastos mensais por categoria,FIT,5,5,1,Meus Gastos: Contas e Despesas (18); Gastos e despesas: controle (0); Costio: Scanner de Recibos (0),top3 max 18 / soma 18 = vazio,DOMINATE,manter #1,gastos=gastos/NAME ; mensais=mensais/KEYWORDS ; categoria=categorias/KEYWORDS,"SERP ao vivo confirma #1 | 14 built-in categories plus user-created ones with custom name, icon and colour | pop=5 = PISO da escala Astro, volume DESCONHECIDO (nao e ""termo facil com volume"") | diff=5 tambem e piso de escala | 18 avaliacoes nesta loja, 161 inst 1*/90d, 5,7 inst/dia no app inteiro | pop nao confiavel: unica fonte de volume e o backup Astro de out/2025 (sem ASC Search Terms, sem Apple Ads)"
gastos namorados,FIT,5,5,OUT,SERP nao medida,heranca de categoria,LOTTERY,—,n/d,"sem SERP propria: classificado por heranca de categoria (rank + difficulty do nicho) | Core job: log an expense by hand in seconds - amount, category, date/time, description | pop=5 = PISO da escala Astro, volume DESCONHECIDO (nao e ""termo facil com volume"") | diff=5 tambem e piso de escala | 18 avaliacoes nesta loja, 161 inst 1*/90d, 5,7 inst/dia no app inteiro | pop nao confiavel: unica fonte de volume e o backup Astro de out/2025 (sem ASC Search Terms, sem Apple Ads)"
gastos no calendario,FIT,5,33,OUT,SERP nao medida,heranca de categoria,LOTTERY,—,n/d,"sem SERP propria: classificado por heranca de categoria (rank + difficulty do nicho) | Calendar view toggle inside the Transactions tab, with each day's expenses and day total | pop=5 = PISO da escala Astro, volume DESCONHECIDO (nao e ""termo facil com volume"") | 18 avaliacoes nesta loja, 161 inst 1*/90d, 5,7 inst/dia no app inteiro | pop nao confiavel: unica fonte de volume e o backup Astro de out/2025 (sem ASC Search Terms, sem Apple Ads)"
gastos offline,FIT,5,33,OUT,SERP nao medida,heranca de categoria,LOTTERY,—,n/d,"sem SERP propria: classificado por heranca de categoria (rank + difficulty do nicho) | Fully usable offline with no account: every repository is local-first on SharedPreferences | pop=5 = PISO da escala Astro, volume DESCONHECIDO (nao e ""termo facil com volume"") | 18 avaliacoes nesta loja, 161 inst 1*/90d, 5,7 inst/dia no app inteiro | pop nao confiavel: unica fonte de volume e o backup Astro de out/2025 (sem ASC Search Terms, sem Apple Ads)"
gastos pessoais,FIT,5,60,150,SERP nao medida,heranca de categoria,CLIMB,top 50,gastos=gastos/NAME ; pessoais=pessoais/SUBTITLE,"sem SERP propria: classificado por heranca de categoria (rank + difficulty do nicho) | Core job: log an expense by hand in seconds - amount, category, date/time, description | pop=5 = PISO da escala Astro, volume DESCONHECIDO (nao e ""termo facil com volume"") | 18 avaliacoes nesta loja, 161 inst 1*/90d, 5,7 inst/dia no app inteiro | pop nao confiavel: unica fonte de volume e o backup Astro de out/2025 (sem ASC Search Terms, sem Apple Ads)"
gastos por categoria,FIT,5,5,3,Controle Financeiro No Comando (47); Richer Finance (0); Meus Gastos: Contas e Despesas (18),top3 max 47 / soma 65 = vazio,DOMINATE,#1,gastos=gastos/NAME ; categoria=categorias/KEYWORDS,"SERP ao vivo confirma #3 | 14 built-in categories plus user-created ones with custom name, icon and colour | pop=5 = PISO da escala Astro, volume DESCONHECIDO (nao e ""termo facil com volume"") | diff=5 tambem e piso de escala | 18 avaliacoes nesta loja, 161 inst 1*/90d, 5,7 inst/dia no app inteiro | pop nao confiavel: unica fonte de volume e o backup Astro de out/2025 (sem ASC Search Terms, sem Apple Ads)"
gastos recorrentes,FIT,5,5,OUT,SERP nao medida,heranca de categoria,LOTTERY,—,n/d,"sem SERP propria: classificado por heranca de categoria (rank + difficulty do nicho) | Fixed/recurring expenses with daily/weekly/monthly/yearly/weekdays repetition, automatic or suggeste | pop=5 = PISO da escala Astro, volume DESCONHECIDO (nao e ""termo facil com volume"") | diff=5 tambem e piso de escala | 18 avaliacoes nesta loja, 161 inst 1*/90d, 5,7 inst/dia no app inteiro | pop nao confiavel: unica fonte de volume e o backup Astro de out/2025 (sem ASC Search Terms, sem Apple Ads)"
gastos simples,FIT,5,40,OUT,SERP nao medida,heranca de categoria,LOTTERY,—,n/d,"sem SERP propria: classificado por heranca de categoria (rank + difficulty do nicho) | Core job: log an expense by hand in seconds - amount, category, date/time, description | pop=5 = PISO da escala Astro, volume DESCONHECIDO (nao e ""termo facil com volume"") | 18 avaliacoes nesta loja, 161 inst 1*/90d, 5,7 inst/dia no app inteiro | pop nao confiavel: unica fonte de volume e o backup Astro de out/2025 (sem ASC Search Terms, sem Apple Ads)"
gerenci,PARTIAL,5,21,OUT,SERP nao medida,heranca de categoria,LOTTERY,—,n/d,"sem SERP propria: classificado por heranca de categoria (rank + difficulty do nicho) | Truncated stem, not a query; only meaningful inside a composition | pop=5 = PISO da escala Astro, volume DESCONHECIDO (nao e ""termo facil com volume"") | 18 avaliacoes nesta loja, 161 inst 1*/90d, 5,7 inst/dia no app inteiro | pop nao confiavel: unica fonte de volume e o backup Astro de out/2025 (sem ASC Search Terms, sem Apple Ads)"
gerenciador,PARTIAL,46,61,OUT,SERP nao medida,heranca de categoria,UNWINNABLE,—,n/d,"sem SERP propria: classificado por heranca de categoria (rank + difficulty do nicho) | Generic polysemous word; low difficulty because the niche does not compete there. Composition-feeder | 18 avaliacoes nesta loja, 161 inst 1*/90d, 5,7 inst/dia no app inteiro | pop nao confiavel: unica fonte de volume e o backup Astro de out/2025 (sem ASC Search Terms, sem Apple Ads)"
gerenciador de gastos,FIT,5,53,OUT,SERP nao medida,heranca de categoria,UNWINNABLE,—,n/d,"sem SERP propria: classificado por heranca de categoria (rank + difficulty do nicho) | Core job: log an expense by hand in seconds - amount, category, date/time, description | pop=5 = PISO da escala Astro, volume DESCONHECIDO (nao e ""termo facil com volume"") | 18 avaliacoes nesta loja, 161 inst 1*/90d, 5,7 inst/dia no app inteiro | pop nao confiavel: unica fonte de volume e o backup Astro de out/2025 (sem ASC Search Terms, sem Apple Ads)"
gerenciador financeiro,PARTIAL,17,48,OUT,SERP nao medida,heranca de categoria,UNWINNABLE,—,n/d,"sem SERP propria: classificado por heranca de categoria (rank + difficulty do nicho) | Broad finance pool (banking, investing, income) where the app is expense-only; plausible but partial | 18 avaliacoes nesta loja, 161 inst 1*/90d, 5,7 inst/dia no app inteiro | pop nao confiavel: unica fonte de volume e o backup Astro de out/2025 (sem ASC Search Terms, sem Apple Ads)"
gerenciador financeiro pessoal,PARTIAL,5,42,OUT,SERP nao medida,heranca de categoria,LOTTERY,—,n/d,"sem SERP propria: classificado por heranca de categoria (rank + difficulty do nicho) | Broad finance pool (banking, investing, income) where the app is expense-only; plausible but partial | pop=5 = PISO da escala Astro, volume DESCONHECIDO (nao e ""termo facil com volume"") | 18 avaliacoes nesta loja, 161 inst 1*/90d, 5,7 inst/dia no app inteiro | pop nao confiavel: unica fonte de volume e o backup Astro de out/2025 (sem ASC Search Terms, sem Apple Ads)"
gerenciamento,PARTIAL,5,46,OUT,SERP nao medida,heranca de categoria,UNWINNABLE,—,n/d,"sem SERP propria: classificado por heranca de categoria (rank + difficulty do nicho) | Generic 'management'; carries no expense intent on its own | pop=5 = PISO da escala Astro, volume DESCONHECIDO (nao e ""termo facil com volume"") | 18 avaliacoes nesta loja, 161 inst 1*/90d, 5,7 inst/dia no app inteiro | pop nao confiavel: unica fonte de volume e o backup Astro de out/2025 (sem ASC Search Terms, sem Apple Ads)"
gerenciar,PARTIAL,5,36,OUT,SERP nao medida,heranca de categoria,LOTTERY,—,n/d,"sem SERP propria: classificado por heranca de categoria (rank + difficulty do nicho) | Generic polysemous word; low difficulty because the niche does not compete there. Composition-feeder | pop=5 = PISO da escala Astro, volume DESCONHECIDO (nao e ""termo facil com volume"") | 18 avaliacoes nesta loja, 161 inst 1*/90d, 5,7 inst/dia no app inteiro | pop nao confiavel: unica fonte de volume e o backup Astro de out/2025 (sem ASC Search Terms, sem Apple Ads)"
gestor,PARTIAL,5,40,OUT,SERP nao medida,heranca de categoria,LOTTERY,—,n/d,"sem SERP propria: classificado por heranca de categoria (rank + difficulty do nicho) | Generic 'manager'; low difficulty because the niche does not compete there. Composition-feeder only | pop=5 = PISO da escala Astro, volume DESCONHECIDO (nao e ""termo facil com volume"") | 18 avaliacoes nesta loja, 161 inst 1*/90d, 5,7 inst/dia no app inteiro | pop nao confiavel: unica fonte de volume e o backup Astro de out/2025 (sem ASC Search Terms, sem Apple Ads)"
gestor de despesas,FIT,5,47,215,SERP nao medida,heranca de categoria,UNWINNABLE,—,gestor=SEM TOKEN ; despesas=despesas/NAME,"sem SERP propria: classificado por heranca de categoria (rank + difficulty do nicho) | Core job: log an expense by hand in seconds - amount, category, date/time, description | pop=5 = PISO da escala Astro, volume DESCONHECIDO (nao e ""termo facil com volume"") | 18 avaliacoes nesta loja, 161 inst 1*/90d, 5,7 inst/dia no app inteiro | pop nao confiavel: unica fonte de volume e o backup Astro de out/2025 (sem ASC Search Terms, sem Apple Ads)"
gestor de despesas orcamento,FIT,5,39,OUT,SERP nao medida,heranca de categoria,LOTTERY,—,n/d,"sem SERP propria: classificado por heranca de categoria (rank + difficulty do nicho) | Monthly spending cap per category plus a total month budget, with progress bars | pop=5 = PISO da escala Astro, volume DESCONHECIDO (nao e ""termo facil com volume"") | 18 avaliacoes nesta loja, 161 inst 1*/90d, 5,7 inst/dia no app inteiro | pop nao confiavel: unica fonte de volume e o backup Astro de out/2025 (sem ASC Search Terms, sem Apple Ads)"
gestor de gastos,FIT,6,46,OUT,SERP nao medida,heranca de categoria,UNWINNABLE,—,n/d,"sem SERP propria: classificado por heranca de categoria (rank + difficulty do nicho) | Core job: log an expense by hand in seconds - amount, category, date/time, description | 18 avaliacoes nesta loja, 161 inst 1*/90d, 5,7 inst/dia no app inteiro | pop nao confiavel: unica fonte de volume e o backup Astro de out/2025 (sem ASC Search Terms, sem Apple Ads)"
gestor de orcamento e despesas,FIT,5,55,142,SERP nao medida,heranca de categoria,CLIMB,top 50,gestor=SEM TOKEN ; orcamento=orcamento/KEYWORDS ; e=e/NAME+e/SUBTITLE ; despesas=despesas/NAME,"sem SERP propria: classificado por heranca de categoria (rank + difficulty do nicho) | Monthly spending cap per category plus a total month budget, with progress bars | pop=5 = PISO da escala Astro, volume DESCONHECIDO (nao e ""termo facil com volume"") | 18 avaliacoes nesta loja, 161 inst 1*/90d, 5,7 inst/dia no app inteiro | pop nao confiavel: unica fonte de volume e o backup Astro de out/2025 (sem ASC Search Terms, sem Apple Ads)"
gestão,PARTIAL,5,50,OUT,SERP nao medida,heranca de categoria,UNWINNABLE,—,n/d,"sem SERP propria: classificado por heranca de categoria (rank + difficulty do nicho) | Generic polysemous word; low difficulty because the niche does not compete there. Composition-feeder | pop=5 = PISO da escala Astro, volume DESCONHECIDO (nao e ""termo facil com volume"") | 18 avaliacoes nesta loja, 161 inst 1*/90d, 5,7 inst/dia no app inteiro | pop nao confiavel: unica fonte de volume e o backup Astro de out/2025 (sem ASC Search Terms, sem Apple Ads)"
gestão de dinheiro,PARTIAL,5,45,OUT,SERP nao medida,heranca de categoria,LOTTERY,—,n/d,"sem SERP propria: classificado por heranca de categoria (rank + difficulty do nicho) | 'Money' pool is broad (banking, transfers, games); the expense-tracker reading is only one of severa | pop=5 = PISO da escala Astro, volume DESCONHECIDO (nao e ""termo facil com volume"") | 18 avaliacoes nesta loja, 161 inst 1*/90d, 5,7 inst/dia no app inteiro | pop nao confiavel: unica fonte de volume e o backup Astro de out/2025 (sem ASC Search Terms, sem Apple Ads)"
gestão financeira,PARTIAL,5,53,OUT,SERP nao medida,heranca de categoria,UNWINNABLE,—,n/d,"sem SERP propria: classificado por heranca de categoria (rank + difficulty do nicho) | Broad finance pool (banking, investing, income) where the app is expense-only; plausible but partial | pop=5 = PISO da escala Astro, volume DESCONHECIDO (nao e ""termo facil com volume"") | 18 avaliacoes nesta loja, 161 inst 1*/90d, 5,7 inst/dia no app inteiro | pop nao confiavel: unica fonte de volume e o backup Astro de out/2025 (sem ASC Search Terms, sem Apple Ads)"
grafico de gastos,FIT,5,36,OUT,SERP nao medida,heranca de categoria,LOTTERY,—,n/d,"sem SERP propria: classificado por heranca de categoria (rank + difficulty do nicho) | Charts tab: pie by category, weekly and daily bars, top expenses, plus Monthly Insights (daily avera | pop=5 = PISO da escala Astro, volume DESCONHECIDO (nao e ""termo facil com volume"") | 18 avaliacoes nesta loja, 161 inst 1*/90d, 5,7 inst/dia no app inteiro | pop nao confiavel: unica fonte de volume e o backup Astro de out/2025 (sem ASC Search Terms, sem Apple Ads)"
gratuito,FIT,5,72,OUT,SERP nao medida,heranca de categoria,UNWINNABLE,—,n/d,"sem SERP propria: classificado por heranca de categoria (rank + difficulty do nicho) | The entire single-device product is free: logging, categories, fixed expenses, budgets, charts, cale | pop=5 = PISO da escala Astro, volume DESCONHECIDO (nao e ""termo facil com volume"") | 18 avaliacoes nesta loja, 161 inst 1*/90d, 5,7 inst/dia no app inteiro | pop nao confiavel: unica fonte de volume e o backup Astro de out/2025 (sem ASC Search Terms, sem Apple Ads)"
gráfico despesas,FIT,5,13,OUT,SERP nao medida,heranca de categoria,LOTTERY,—,n/d,"sem SERP propria: classificado por heranca de categoria (rank + difficulty do nicho) | Charts tab: pie by category, weekly and daily bars, top expenses, plus Monthly Insights (daily avera | pop=5 = PISO da escala Astro, volume DESCONHECIDO (nao e ""termo facil com volume"") | 18 avaliacoes nesta loja, 161 inst 1*/90d, 5,7 inst/dia no app inteiro | pop nao confiavel: unica fonte de volume e o backup Astro de out/2025 (sem ASC Search Terms, sem Apple Ads)"
gráficos,FIT,5,21,OUT,SERP nao medida,heranca de categoria,LOTTERY,—,n/d,"sem SERP propria: classificado por heranca de categoria (rank + difficulty do nicho) | Charts tab: pie by category, weekly and daily bars, top expenses, plus Monthly Insights (daily avera | pop=5 = PISO da escala Astro, volume DESCONHECIDO (nao e ""termo facil com volume"") | 18 avaliacoes nesta loja, 161 inst 1*/90d, 5,7 inst/dia no app inteiro | pop nao confiavel: unica fonte de volume e o backup Astro de out/2025 (sem ASC Search Terms, sem Apple Ads)"
grátis,FIT,5,78,OUT,SERP nao medida,heranca de categoria,UNWINNABLE,—,n/d,"sem SERP propria: classificado por heranca de categoria (rank + difficulty do nicho) | The entire single-device product is free: logging, categories, fixed expenses, budgets, charts, cale | pop=5 = PISO da escala Astro, volume DESCONHECIDO (nao e ""termo facil com volume"") | 18 avaliacoes nesta loja, 161 inst 1*/90d, 5,7 inst/dia no app inteiro | pop nao confiavel: unica fonte de volume e o backup Astro de out/2025 (sem ASC Search Terms, sem Apple Ads)"
lançamentos,FIT,5,13,OUT,SERP nao medida,heranca de categoria,LOTTERY,—,n/d,"sem SERP propria: classificado por heranca de categoria (rank + difficulty do nicho) | Core job: log an expense by hand in seconds - amount, category, date/time, description | pop=5 = PISO da escala Astro, volume DESCONHECIDO (nao e ""termo facil com volume"") | 18 avaliacoes nesta loja, 161 inst 1*/90d, 5,7 inst/dia no app inteiro | pop nao confiavel: unica fonte de volume e o backup Astro de out/2025 (sem ASC Search Terms, sem Apple Ads)"
limite de gastos por categoria,FIT,5,5,OUT,SERP nao medida,heranca de categoria,LOTTERY,—,n/d,"sem SERP propria: classificado por heranca de categoria (rank + difficulty do nicho) | 14 built-in categories plus user-created ones with custom name, icon and colour | pop=5 = PISO da escala Astro, volume DESCONHECIDO (nao e ""termo facil com volume"") | diff=5 tambem e piso de escala | 18 avaliacoes nesta loja, 161 inst 1*/90d, 5,7 inst/dia no app inteiro | pop nao confiavel: unica fonte de volume e o backup Astro de out/2025 (sem ASC Search Terms, sem Apple Ads)"
mensais,FIT,5,0,OUT,SERP nao medida,heranca de categoria,LOTTERY,—,n/d,"sem SERP propria: classificado por heranca de categoria (rank + difficulty do nicho) | Month is the app's native frame: month selector, month totals, monthly insights, monthly budget | pop=5 = PISO da escala Astro, volume DESCONHECIDO (nao e ""termo facil com volume"") | diff=5 tambem e piso de escala | 18 avaliacoes nesta loja, 161 inst 1*/90d, 5,7 inst/dia no app inteiro | pop nao confiavel: unica fonte de volume e o backup Astro de out/2025 (sem ASC Search Terms, sem Apple Ads) | alimenta composicoes ja rankeadas: #1 contas mensais casal, #1 gastos mensais casal, #1 gastos mensais por categoria, #3 despesas mensais casal, #3 gastos fixos mensais"
mercado,PARTIAL,67,75,OUT,SERP nao medida,heranca de categoria,UNWINNABLE,—,n/d,"sem SERP propria: classificado por heranca de categoria (rank + difficulty do nicho) | Grocery spending is loggable via the built-in ShoppingBasket category, but the pool is supermarket a | 18 avaliacoes nesta loja, 161 inst 1*/90d, 5,7 inst/dia no app inteiro | pop nao confiavel: unica fonte de volume e o backup Astro de out/2025 (sem ASC Search Terms, sem Apple Ads)"
meta de orcamento,FIT,5,13,OUT,SERP nao medida,heranca de categoria,LOTTERY,—,n/d,"sem SERP propria: classificado por heranca de categoria (rank + difficulty do nicho) | Monthly spending cap per category plus a total month budget, with progress bars | pop=5 = PISO da escala Astro, volume DESCONHECIDO (nao e ""termo facil com volume"") | 18 avaliacoes nesta loja, 161 inst 1*/90d, 5,7 inst/dia no app inteiro | pop nao confiavel: unica fonte de volume e o backup Astro de out/2025 (sem ASC Search Terms, sem Apple Ads)"
meta financeira,PARTIAL,5,19,OUT,SERP nao medida,heranca de categoria,LOTTERY,—,n/d,"sem SERP propria: classificado por heranca de categoria (rank + difficulty do nicho) | Broad finance pool (banking, investing, income) where the app is expense-only; plausible but partial | pop=5 = PISO da escala Astro, volume DESCONHECIDO (nao e ""termo facil com volume"") | 18 avaliacoes nesta loja, 161 inst 1*/90d, 5,7 inst/dia no app inteiro | pop nao confiavel: unica fonte de volume e o backup Astro de out/2025 (sem ASC Search Terms, sem Apple Ads)"
metas,PARTIAL,14,44,OUT,SERP nao medida,heranca de categoria,LOTTERY,—,n/d,"sem SERP propria: classificado por heranca de categoria (rank + difficulty do nicho) | 'Metas' here are spending CAPS compared with spent>goal, not savings targets to reach | 18 avaliacoes nesta loja, 161 inst 1*/90d, 5,7 inst/dia no app inteiro | pop nao confiavel: unica fonte de volume e o backup Astro de out/2025 (sem ASC Search Terms, sem Apple Ads)"
meu dinheiro,PARTIAL,5,61,OUT,SERP nao medida,heranca de categoria,UNWINNABLE,—,n/d,"sem SERP propria: classificado por heranca de categoria (rank + difficulty do nicho) | 'Money' pool is broad (banking, transfers, games); the expense-tracker reading is only one of severa | pop=5 = PISO da escala Astro, volume DESCONHECIDO (nao e ""termo facil com volume"") | 18 avaliacoes nesta loja, 161 inst 1*/90d, 5,7 inst/dia no app inteiro | pop nao confiavel: unica fonte de volume e o backup Astro de out/2025 (sem ASC Search Terms, sem Apple Ads)"
meu orçamento,FIT,5,41,OUT,SERP nao medida,heranca de categoria,LOTTERY,—,n/d,"sem SERP propria: classificado por heranca de categoria (rank + difficulty do nicho) | Monthly spending cap per category plus a total month budget, with progress bars | pop=5 = PISO da escala Astro, volume DESCONHECIDO (nao e ""termo facil com volume"") | 18 avaliacoes nesta loja, 161 inst 1*/90d, 5,7 inst/dia no app inteiro | pop nao confiavel: unica fonte de volume e o backup Astro de out/2025 (sem ASC Search Terms, sem Apple Ads)"
meus,PARTIAL,5,0,OUT,SERP nao medida,heranca de categoria,LOTTERY,—,n/d,"sem SERP propria: classificado por heranca de categoria (rank + difficulty do nicho) | Grammatical particle or brand possessive split out of the live name/subtitle; it carries no standalo | pop=5 = PISO da escala Astro, volume DESCONHECIDO (nao e ""termo facil com volume"") | diff=5 tambem e piso de escala | 18 avaliacoes nesta loja, 161 inst 1*/90d, 5,7 inst/dia no app inteiro | pop nao confiavel: unica fonte de volume e o backup Astro de out/2025 (sem ASC Search Terms, sem Apple Ads) | alimenta composicoes ja rankeadas: #1 meus gastos diarios"
meus gastos,FIT,5,50,235,SERP nao medida,heranca de categoria,UNWINNABLE,—,meus=meus/NAME ; gastos=gastos/NAME,"sem SERP propria: classificado por heranca de categoria (rank + difficulty do nicho) | Core job: log an expense by hand in seconds - amount, category, date/time, description | pop=5 = PISO da escala Astro, volume DESCONHECIDO (nao e ""termo facil com volume"") | 18 avaliacoes nesta loja, 161 inst 1*/90d, 5,7 inst/dia no app inteiro | pop nao confiavel: unica fonte de volume e o backup Astro de out/2025 (sem ASC Search Terms, sem Apple Ads)"
meus gastos diarios,FIT,5,23,1,Meus Gastos: Contas e Despesas (18); Controle de gastos - MoneyNote (22240); Controle financeiro fácil BASE (60),top3 max 22240 / soma 22318 = pesado,DOMINATE,manter #1,meus=meus/NAME ; gastos=gastos/NAME ; diarios=diario/KEYWORDS,"SERP ao vivo confirma #1 | Core job: log an expense by hand in seconds - amount, category, date/time, description | pop=5 = PISO da escala Astro, volume DESCONHECIDO (nao e ""termo facil com volume"") | 18 avaliacoes nesta loja, 161 inst 1*/90d, 5,7 inst/dia no app inteiro | pop nao confiavel: unica fonte de volume e o backup Astro de out/2025 (sem ASC Search Terms, sem Apple Ads)"
minhas,PARTIAL,5,40,OUT,SERP nao medida,heranca de categoria,LOTTERY,—,n/d,"sem SERP propria: classificado por heranca de categoria (rank + difficulty do nicho) | Grammatical particle or brand possessive split out of the live name/subtitle; it carries no standalo | pop=5 = PISO da escala Astro, volume DESCONHECIDO (nao e ""termo facil com volume"") | 18 avaliacoes nesta loja, 161 inst 1*/90d, 5,7 inst/dia no app inteiro | pop nao confiavel: unica fonte de volume e o backup Astro de out/2025 (sem ASC Search Terms, sem Apple Ads)"
minhas contas,PARTIAL,5,44,OUT,SERP nao medida,heranca de categoria,LOTTERY,—,n/d,"sem SERP propria: classificado por heranca de categoria (rank + difficulty do nicho) | Polysemous in pt-BR: bank accounts and bills-with-due-dates dominate the pool; we only log a bill as | pop=5 = PISO da escala Astro, volume DESCONHECIDO (nao e ""termo facil com volume"") | 18 avaliacoes nesta loja, 161 inst 1*/90d, 5,7 inst/dia no app inteiro | pop nao confiavel: unica fonte de volume e o backup Astro de out/2025 (sem ASC Search Terms, sem Apple Ads)"
minhas despesas,FIT,57,43,OUT,Música Offline - Music Browser (4275); Jogos Offline : Sem internet (38175); Reckless Getaway 2 (4569),top3 max 38175 / soma 47019 = pesado,UNWINNABLE,—,n/d,"Core job: log an expense by hand in seconds - amount, category, date/time, description | 18 avaliacoes nesta loja, 161 inst 1*/90d, 5,7 inst/dia no app inteiro | pop nao confiavel: unica fonte de volume e o backup Astro de out/2025 (sem ASC Search Terms, sem Apple Ads)"
minhas despesas financas,FIT,5,36,OUT,SERP nao medida,heranca de categoria,LOTTERY,—,n/d,"sem SERP propria: classificado por heranca de categoria (rank + difficulty do nicho) | Core job: log an expense by hand in seconds - amount, category, date/time, description | pop=5 = PISO da escala Astro, volume DESCONHECIDO (nao e ""termo facil com volume"") | 18 avaliacoes nesta loja, 161 inst 1*/90d, 5,7 inst/dia no app inteiro | pop nao confiavel: unica fonte de volume e o backup Astro de out/2025 (sem ASC Search Terms, sem Apple Ads)"
minhas financas,PARTIAL,57,58,164,Minhas Finanças: Controle e IA (9653); Minhas Economias (58288); Mobills - Controle de gastos (168935),top3 max 168935 / soma 236876 = muro,UNWINNABLE,—,minhas=SEM TOKEN ; financas=finanças/SUBTITLE,"Broad finance pool (banking, investing, income) where the app is expense-only; plausible but partial | 18 avaliacoes nesta loja, 161 inst 1*/90d, 5,7 inst/dia no app inteiro | pop nao confiavel: unica fonte de volume e o backup Astro de out/2025 (sem ASC Search Terms, sem Apple Ads)"
minhas financas controle,FIT,5,41,OUT,SERP nao medida,heranca de categoria,LOTTERY,—,n/d,"sem SERP propria: classificado por heranca de categoria (rank + difficulty do nicho) | Expense control is the app's headline job: log, categorise, cap, see where it went | pop=5 = PISO da escala Astro, volume DESCONHECIDO (nao e ""termo facil com volume"") | 18 avaliacoes nesta loja, 161 inst 1*/90d, 5,7 inst/dia no app inteiro | pop nao confiavel: unica fonte de volume e o backup Astro de out/2025 (sem ASC Search Terms, sem Apple Ads)"
minhas finanças,PARTIAL,5,54,OUT,SERP nao medida,heranca de categoria,UNWINNABLE,—,n/d,"sem SERP propria: classificado por heranca de categoria (rank + difficulty do nicho) | Broad finance pool (banking, investing, income) where the app is expense-only; plausible but partial | pop=5 = PISO da escala Astro, volume DESCONHECIDO (nao e ""termo facil com volume"") | 18 avaliacoes nesta loja, 161 inst 1*/90d, 5,7 inst/dia no app inteiro | pop nao confiavel: unica fonte de volume e o backup Astro de out/2025 (sem ASC Search Terms, sem Apple Ads)"
money,PARTIAL,55,50,OUT,Money+ Rastreador Gastos Lindo (252); Money Manager Expense & Budget (1021); MultiPolls - Ganhar dinheiro (29163),top3 max 29163 / soma 30436 = pesado,UNWINNABLE,—,n/d,"'Money' pool is broad (banking, transfers, games); the expense-tracker reading is only one of severa | 18 avaliacoes nesta loja, 161 inst 1*/90d, 5,7 inst/dia no app inteiro | pop nao confiavel: unica fonte de volume e o backup Astro de out/2025 (sem ASC Search Terms, sem Apple Ads)"
money note,PARTIAL,5,48,OUT,SERP nao medida,heranca de categoria,UNWINNABLE,—,n/d,"sem SERP propria: classificado por heranca de categoria (rank + difficulty do nicho) | 'Money' pool is broad (banking, transfers, games); the expense-tracker reading is only one of severa | pop=5 = PISO da escala Astro, volume DESCONHECIDO (nao e ""termo facil com volume"") | 18 avaliacoes nesta loja, 161 inst 1*/90d, 5,7 inst/dia no app inteiro | pop nao confiavel: unica fonte de volume e o backup Astro de out/2025 (sem ASC Search Terms, sem Apple Ads)"
money organiser,PARTIAL,7,61,OUT,SERP nao medida,heranca de categoria,UNWINNABLE,—,n/d,"sem SERP propria: classificado por heranca de categoria (rank + difficulty do nicho) | 'Money' pool is broad (banking, transfers, games); the expense-tracker reading is only one of severa | 18 avaliacoes nesta loja, 161 inst 1*/90d, 5,7 inst/dia no app inteiro | pop nao confiavel: unica fonte de volume e o backup Astro de out/2025 (sem ASC Search Terms, sem Apple Ads)"
objetivo financeiro,PARTIAL,5,23,OUT,SERP nao medida,heranca de categoria,LOTTERY,—,n/d,"sem SERP propria: classificado por heranca de categoria (rank + difficulty do nicho) | Broad finance pool (banking, investing, income) where the app is expense-only; plausible but partial | pop=5 = PISO da escala Astro, volume DESCONHECIDO (nao e ""termo facil com volume"") | 18 avaliacoes nesta loja, 161 inst 1*/90d, 5,7 inst/dia no app inteiro | pop nao confiavel: unica fonte de volume e o backup Astro de out/2025 (sem ASC Search Terms, sem Apple Ads)"
objetivos financeiros,PARTIAL,5,11,OUT,SERP nao medida,heranca de categoria,LOTTERY,—,n/d,"sem SERP propria: classificado por heranca de categoria (rank + difficulty do nicho) | Broad finance pool (banking, investing, income) where the app is expense-only; plausible but partial | pop=5 = PISO da escala Astro, volume DESCONHECIDO (nao e ""termo facil com volume"") | 18 avaliacoes nesta loja, 161 inst 1*/90d, 5,7 inst/dia no app inteiro | pop nao confiavel: unica fonte de volume e o backup Astro de out/2025 (sem ASC Search Terms, sem Apple Ads)"
offline,FIT,69,64,OUT,SERP nao medida,heranca de categoria,UNWINNABLE,—,n/d,"sem SERP propria: classificado por heranca de categoria (rank + difficulty do nicho) | Fully usable offline with no account: every repository is local-first on SharedPreferences | 18 avaliacoes nesta loja, 161 inst 1*/90d, 5,7 inst/dia no app inteiro | pop nao confiavel: unica fonte de volume e o backup Astro de out/2025 (sem ASC Search Terms, sem Apple Ads)"
orcamento,FIT,5,0,OUT,SERP nao medida,heranca de categoria,LOTTERY,—,n/d,"sem SERP propria: classificado por heranca de categoria (rank + difficulty do nicho) | Monthly spending cap per category plus a total month budget, with progress bars | pop=5 = PISO da escala Astro, volume DESCONHECIDO (nao e ""termo facil com volume"") | diff=5 tambem e piso de escala | 18 avaliacoes nesta loja, 161 inst 1*/90d, 5,7 inst/dia no app inteiro | pop nao confiavel: unica fonte de volume e o backup Astro de out/2025 (sem ASC Search Terms, sem Apple Ads) | alimenta composicoes ja rankeadas: #10 orcamento por categoria, #12 orcamento compartilhado, #23 orcamento do casal, #34 orcamento casal"
orcamento da casa,PARTIAL,5,38,OUT,SERP nao medida,heranca de categoria,LOTTERY,—,n/d,"sem SERP propria: classificado por heranca de categoria (rank + difficulty do nicho) | A household budget run by ONE person on one phone is exactly the app; a family SHARING one ledger is | pop=5 = PISO da escala Astro, volume DESCONHECIDO (nao e ""termo facil com volume"") | 18 avaliacoes nesta loja, 161 inst 1*/90d, 5,7 inst/dia no app inteiro | pop nao confiavel: unica fonte de volume e o backup Astro de out/2025 (sem ASC Search Terms, sem Apple Ads)"
orcamento domestico,PARTIAL,5,40,OUT,SERP nao medida,heranca de categoria,LOTTERY,—,n/d,"sem SERP propria: classificado por heranca de categoria (rank + difficulty do nicho) | A household budget run by ONE person on one phone is exactly the app; a family SHARING one ledger is | pop=5 = PISO da escala Astro, volume DESCONHECIDO (nao e ""termo facil com volume"") | 18 avaliacoes nesta loja, 161 inst 1*/90d, 5,7 inst/dia no app inteiro | pop nao confiavel: unica fonte de volume e o backup Astro de out/2025 (sem ASC Search Terms, sem Apple Ads)"
orcamento e gastos familiares,PARTIAL,5,9,OUT,SERP nao medida,heranca de categoria,LOTTERY,—,n/d,"sem SERP propria: classificado por heranca de categoria (rank + difficulty do nicho) | A household budget run by ONE person on one phone is exactly the app; a family SHARING one ledger is | pop=5 = PISO da escala Astro, volume DESCONHECIDO (nao e ""termo facil com volume"") | 18 avaliacoes nesta loja, 161 inst 1*/90d, 5,7 inst/dia no app inteiro | pop nao confiavel: unica fonte de volume e o backup Astro de out/2025 (sem ASC Search Terms, sem Apple Ads)"
orcamento mensal,FIT,5,44,OUT,SERP nao medida,heranca de categoria,LOTTERY,—,n/d,"sem SERP propria: classificado por heranca de categoria (rank + difficulty do nicho) | Monthly spending cap per category plus a total month budget, with progress bars | pop=5 = PISO da escala Astro, volume DESCONHECIDO (nao e ""termo facil com volume"") | 18 avaliacoes nesta loja, 161 inst 1*/90d, 5,7 inst/dia no app inteiro | pop nao confiavel: unica fonte de volume e o backup Astro de out/2025 (sem ASC Search Terms, sem Apple Ads)"
orcamento por categoria,FIT,5,5,10,Richer Finance (0); Meus Gastos: Contas e Despesas (18); Wally: Controle de orçamento (0),top3 max 18 / soma 18 = vazio,DOMINATE,top 3,orcamento=orcamento/KEYWORDS ; categoria=categorias/KEYWORDS,"SERP ao vivo confirma #2 | 14 built-in categories plus user-created ones with custom name, icon and colour | pop=5 = PISO da escala Astro, volume DESCONHECIDO (nao e ""termo facil com volume"") | diff=5 tambem e piso de escala | 18 avaliacoes nesta loja, 161 inst 1*/90d, 5,7 inst/dia no app inteiro | pop nao confiavel: unica fonte de volume e o backup Astro de out/2025 (sem ASC Search Terms, sem Apple Ads)"
orcamento simples,FIT,5,19,OUT,SERP nao medida,heranca de categoria,LOTTERY,—,n/d,"sem SERP propria: classificado por heranca de categoria (rank + difficulty do nicho) | Monthly spending cap per category plus a total month budget, with progress bars | pop=5 = PISO da escala Astro, volume DESCONHECIDO (nao e ""termo facil com volume"") | 18 avaliacoes nesta loja, 161 inst 1*/90d, 5,7 inst/dia no app inteiro | pop nao confiavel: unica fonte de volume e o backup Astro de out/2025 (sem ASC Search Terms, sem Apple Ads)"
organizador,PARTIAL,24,56,OUT,SERP nao medida,heranca de categoria,UNWINNABLE,—,n/d,"sem SERP propria: classificado por heranca de categoria (rank + difficulty do nicho) | Forward-looking planning is partly there (month budget + end-of-month projection) but there is no in | 18 avaliacoes nesta loja, 161 inst 1*/90d, 5,7 inst/dia no app inteiro | pop nao confiavel: unica fonte de volume e o backup Astro de out/2025 (sem ASC Search Terms, sem Apple Ads)"
organizador financeiro,PARTIAL,57,56,OUT,SERP nao medida,heranca de categoria,UNWINNABLE,—,n/d,"sem SERP propria: classificado por heranca de categoria (rank + difficulty do nicho) | Broad finance pool (banking, investing, income) where the app is expense-only; plausible but partial | 18 avaliacoes nesta loja, 161 inst 1*/90d, 5,7 inst/dia no app inteiro | pop nao confiavel: unica fonte de volume e o backup Astro de out/2025 (sem ASC Search Terms, sem Apple Ads)"
organizar,PARTIAL,21,45,OUT,Fill Up Fridge! - Organizer 3D (2531); Home Packing - Organizer 3D (94); Goods sorting Jogo de Combinar (25973),top3 max 25973 / soma 28598 = pesado,UNWINNABLE,—,n/d,"Forward-looking planning is partly there (month budget + end-of-month projection) but there is no in | 18 avaliacoes nesta loja, 161 inst 1*/90d, 5,7 inst/dia no app inteiro | pop nao confiavel: unica fonte de volume e o backup Astro de out/2025 (sem ASC Search Terms, sem Apple Ads)"
organizar contas,PARTIAL,5,44,OUT,SERP nao medida,heranca de categoria,LOTTERY,—,n/d,"sem SERP propria: classificado por heranca de categoria (rank + difficulty do nicho) | Polysemous in pt-BR: bank accounts and bills-with-due-dates dominate the pool; we only log a bill as | pop=5 = PISO da escala Astro, volume DESCONHECIDO (nao e ""termo facil com volume"") | 18 avaliacoes nesta loja, 161 inst 1*/90d, 5,7 inst/dia no app inteiro | pop nao confiavel: unica fonte de volume e o backup Astro de out/2025 (sem ASC Search Terms, sem Apple Ads)"
organizar financas,PARTIAL,5,45,OUT,SERP nao medida,heranca de categoria,LOTTERY,—,n/d,"sem SERP propria: classificado por heranca de categoria (rank + difficulty do nicho) | Broad finance pool (banking, investing, income) where the app is expense-only; plausible but partial | pop=5 = PISO da escala Astro, volume DESCONHECIDO (nao e ""termo facil com volume"") | 18 avaliacoes nesta loja, 161 inst 1*/90d, 5,7 inst/dia no app inteiro | pop nao confiavel: unica fonte de volume e o backup Astro de out/2025 (sem ASC Search Terms, sem Apple Ads)"
organizar gastos,FIT,13,50,OUT,SERP nao medida,heranca de categoria,UNWINNABLE,—,n/d,"sem SERP propria: classificado por heranca de categoria (rank + difficulty do nicho) | Core job: log an expense by hand in seconds - amount, category, date/time, description | 18 avaliacoes nesta loja, 161 inst 1*/90d, 5,7 inst/dia no app inteiro | pop nao confiavel: unica fonte de volume e o backup Astro de out/2025 (sem ASC Search Terms, sem Apple Ads)"
organização financeira,PARTIAL,5,52,OUT,SERP nao medida,heranca de categoria,UNWINNABLE,—,n/d,"sem SERP propria: classificado por heranca de categoria (rank + difficulty do nicho) | Broad finance pool (banking, investing, income) where the app is expense-only; plausible but partial | pop=5 = PISO da escala Astro, volume DESCONHECIDO (nao e ""termo facil com volume"") | 18 avaliacoes nesta loja, 161 inst 1*/90d, 5,7 inst/dia no app inteiro | pop nao confiavel: unica fonte de volume e o backup Astro de out/2025 (sem ASC Search Terms, sem Apple Ads)"
orçamento,FIT,5,47,OUT,SERP nao medida,heranca de categoria,UNWINNABLE,—,n/d,"sem SERP propria: classificado por heranca de categoria (rank + difficulty do nicho) | Monthly spending cap per category plus a total month budget, with progress bars | pop=5 = PISO da escala Astro, volume DESCONHECIDO (nao e ""termo facil com volume"") | 18 avaliacoes nesta loja, 161 inst 1*/90d, 5,7 inst/dia no app inteiro | pop nao confiavel: unica fonte de volume e o backup Astro de out/2025 (sem ASC Search Terms, sem Apple Ads)"
orçamento despesas,FIT,5,23,123,SERP nao medida,heranca de categoria,CLIMB,top 50,orçamento=orcamento/KEYWORDS ; despesas=despesas/NAME,"sem SERP propria: classificado por heranca de categoria (rank + difficulty do nicho) | Monthly spending cap per category plus a total month budget, with progress bars | pop=5 = PISO da escala Astro, volume DESCONHECIDO (nao e ""termo facil com volume"") | 18 avaliacoes nesta loja, 161 inst 1*/90d, 5,7 inst/dia no app inteiro | pop nao confiavel: unica fonte de volume e o backup Astro de out/2025 (sem ASC Search Terms, sem Apple Ads)"
orçamento familiar,PARTIAL,5,49,OUT,SERP nao medida,heranca de categoria,UNWINNABLE,—,n/d,"sem SERP propria: classificado por heranca de categoria (rank + difficulty do nicho) | A household budget run by ONE person on one phone is exactly the app; a family SHARING one ledger is | pop=5 = PISO da escala Astro, volume DESCONHECIDO (nao e ""termo facil com volume"") | 18 avaliacoes nesta loja, 161 inst 1*/90d, 5,7 inst/dia no app inteiro | pop nao confiavel: unica fonte de volume e o backup Astro de out/2025 (sem ASC Search Terms, sem Apple Ads)"
orçamento mensal,FIT,5,50,OUT,SERP nao medida,heranca de categoria,UNWINNABLE,—,n/d,"sem SERP propria: classificado por heranca de categoria (rank + difficulty do nicho) | Monthly spending cap per category plus a total month budget, with progress bars | pop=5 = PISO da escala Astro, volume DESCONHECIDO (nao e ""termo facil com volume"") | 18 avaliacoes nesta loja, 161 inst 1*/90d, 5,7 inst/dia no app inteiro | pop nao confiavel: unica fonte de volume e o backup Astro de out/2025 (sem ASC Search Terms, sem Apple Ads)"
orçamento pessoal,FIT,5,47,OUT,SERP nao medida,heranca de categoria,UNWINNABLE,—,n/d,"sem SERP propria: classificado por heranca de categoria (rank + difficulty do nicho) | Monthly spending cap per category plus a total month budget, with progress bars | pop=5 = PISO da escala Astro, volume DESCONHECIDO (nao e ""termo facil com volume"") | 18 avaliacoes nesta loja, 161 inst 1*/90d, 5,7 inst/dia no app inteiro | pop nao confiavel: unica fonte de volume e o backup Astro de out/2025 (sem ASC Search Terms, sem Apple Ads)"
pagamento,PARTIAL,5,80,OUT,SERP nao medida,heranca de categoria,UNWINNABLE,—,n/d,"sem SERP propria: classificado por heranca de categoria (rank + difficulty do nicho) | The app never moves money; a payment can only be recorded after the fact | pop=5 = PISO da escala Astro, volume DESCONHECIDO (nao e ""termo facil com volume"") | 18 avaliacoes nesta loja, 161 inst 1*/90d, 5,7 inst/dia no app inteiro | pop nao confiavel: unica fonte de volume e o backup Astro de out/2025 (sem ASC Search Terms, sem Apple Ads)"
pagar,PARTIAL,5,74,OUT,SERP nao medida,heranca de categoria,UNWINNABLE,—,n/d,"sem SERP propria: classificado por heranca de categoria (rank + difficulty do nicho) | The app never moves money; a payment can only be recorded after the fact | pop=5 = PISO da escala Astro, volume DESCONHECIDO (nao e ""termo facil com volume"") | 18 avaliacoes nesta loja, 161 inst 1*/90d, 5,7 inst/dia no app inteiro | pop nao confiavel: unica fonte de volume e o backup Astro de out/2025 (sem ASC Search Terms, sem Apple Ads)"
pagar contas,PARTIAL,5,50,OUT,SERP nao medida,heranca de categoria,UNWINNABLE,—,n/d,"sem SERP propria: classificado por heranca de categoria (rank + difficulty do nicho) | Polysemous in pt-BR: bank accounts and bills-with-due-dates dominate the pool; we only log a bill as | pop=5 = PISO da escala Astro, volume DESCONHECIDO (nao e ""termo facil com volume"") | 18 avaliacoes nesta loja, 161 inst 1*/90d, 5,7 inst/dia no app inteiro | pop nao confiavel: unica fonte de volume e o backup Astro de out/2025 (sem ASC Search Terms, sem Apple Ads)"
personal,PARTIAL,48,55,OUT,SERP nao medida,heranca de categoria,UNWINNABLE,—,n/d,"sem SERP propria: classificado por heranca de categoria (rank + difficulty do nicho) | Generic polysemous word; low difficulty because the niche does not compete there. Composition-feeder | 18 avaliacoes nesta loja, 161 inst 1*/90d, 5,7 inst/dia no app inteiro | pop nao confiavel: unica fonte de volume e o backup Astro de out/2025 (sem ASC Search Terms, sem Apple Ads)"
personal finance,PARTIAL,8,44,55,SERP nao medida,heranca de categoria,CLIMB,top 50,personal=SEM TOKEN ; finance=finanças/SUBTITLE,"sem SERP propria: classificado por heranca de categoria (rank + difficulty do nicho) | Broad finance pool (banking, investing, income) where the app is expense-only; plausible but partial | 18 avaliacoes nesta loja, 161 inst 1*/90d, 5,7 inst/dia no app inteiro | pop nao confiavel: unica fonte de volume e o backup Astro de out/2025 (sem ASC Search Terms, sem Apple Ads) | ATENCAO: sem 2a fonte de volume este termo NAO pode ganhar char de name/subtitle (playbook §4) - so keywords 1x"
pessoais,PARTIAL,5,19,OUT,SERP nao medida,heranca de categoria,LOTTERY,—,n/d,"sem SERP propria: classificado por heranca de categoria (rank + difficulty do nicho) | Generic qualifier 'personal' from the live subtitle; no intent of its own | pop=5 = PISO da escala Astro, volume DESCONHECIDO (nao e ""termo facil com volume"") | 18 avaliacoes nesta loja, 161 inst 1*/90d, 5,7 inst/dia no app inteiro | pop nao confiavel: unica fonte de volume e o backup Astro de out/2025 (sem ASC Search Terms, sem Apple Ads) | alimenta composicoes ja rankeadas: #3 despesas pessoais casal, #3 financas pessoais casal"
pessoal,PARTIAL,5,21,OUT,SERP nao medida,heranca de categoria,LOTTERY,—,n/d,"sem SERP propria: classificado por heranca de categoria (rank + difficulty do nicho) | Generic qualifier 'personal'; no intent of its own | pop=5 = PISO da escala Astro, volume DESCONHECIDO (nao e ""termo facil com volume"") | 18 avaliacoes nesta loja, 161 inst 1*/90d, 5,7 inst/dia no app inteiro | pop nao confiavel: unica fonte de volume e o backup Astro de out/2025 (sem ASC Search Terms, sem Apple Ads)"
planejamento,PARTIAL,5,57,OUT,SERP nao medida,heranca de categoria,UNWINNABLE,—,n/d,"sem SERP propria: classificado por heranca de categoria (rank + difficulty do nicho) | Forward-looking planning is partly there (month budget + end-of-month projection) but there is no in | pop=5 = PISO da escala Astro, volume DESCONHECIDO (nao e ""termo facil com volume"") | 18 avaliacoes nesta loja, 161 inst 1*/90d, 5,7 inst/dia no app inteiro | pop nao confiavel: unica fonte de volume e o backup Astro de out/2025 (sem ASC Search Terms, sem Apple Ads)"
planejamento financeiro,PARTIAL,5,49,OUT,SERP nao medida,heranca de categoria,UNWINNABLE,—,n/d,"sem SERP propria: classificado por heranca de categoria (rank + difficulty do nicho) | Broad finance pool (banking, investing, income) where the app is expense-only; plausible but partial | pop=5 = PISO da escala Astro, volume DESCONHECIDO (nao e ""termo facil com volume"") | 18 avaliacoes nesta loja, 161 inst 1*/90d, 5,7 inst/dia no app inteiro | pop nao confiavel: unica fonte de volume e o backup Astro de out/2025 (sem ASC Search Terms, sem Apple Ads)"
poupar,PARTIAL,5,17,OUT,SERP nao medida,heranca de categoria,LOTTERY,—,n/d,"sem SERP propria: classificado por heranca de categoria (rank + difficulty do nicho) | Spending less is the outcome the app actually drives (see where it goes, cap a category), but there | pop=5 = PISO da escala Astro, volume DESCONHECIDO (nao e ""termo facil com volume"") | 18 avaliacoes nesta loja, 161 inst 1*/90d, 5,7 inst/dia no app inteiro | pop nao confiavel: unica fonte de volume e o backup Astro de out/2025 (sem ASC Search Terms, sem Apple Ads)"
poupar dinheiro,PARTIAL,5,15,OUT,SERP nao medida,heranca de categoria,LOTTERY,—,n/d,"sem SERP propria: classificado por heranca de categoria (rank + difficulty do nicho) | Spending less is the outcome the app actually drives (see where it goes, cap a category), but there | pop=5 = PISO da escala Astro, volume DESCONHECIDO (nao e ""termo facil com volume"") | 18 avaliacoes nesta loja, 161 inst 1*/90d, 5,7 inst/dia no app inteiro | pop nao confiavel: unica fonte de volume e o backup Astro de out/2025 (sem ASC Search Terms, sem Apple Ads)"
rastreador de despesas,FIT,5,19,OUT,SERP nao medida,heranca de categoria,LOTTERY,—,n/d,"sem SERP propria: classificado por heranca de categoria (rank + difficulty do nicho) | Core job: log an expense by hand in seconds - amount, category, date/time, description | pop=5 = PISO da escala Astro, volume DESCONHECIDO (nao e ""termo facil com volume"") | 18 avaliacoes nesta loja, 161 inst 1*/90d, 5,7 inst/dia no app inteiro | pop nao confiavel: unica fonte de volume e o backup Astro de out/2025 (sem ASC Search Terms, sem Apple Ads)"
rastreador de gastos,FIT,5,33,OUT,SERP nao medida,heranca de categoria,LOTTERY,—,n/d,"sem SERP propria: classificado por heranca de categoria (rank + difficulty do nicho) | Core job: log an expense by hand in seconds - amount, category, date/time, description | pop=5 = PISO da escala Astro, volume DESCONHECIDO (nao e ""termo facil com volume"") | 18 avaliacoes nesta loja, 161 inst 1*/90d, 5,7 inst/dia no app inteiro | pop nao confiavel: unica fonte de volume e o backup Astro de out/2025 (sem ASC Search Terms, sem Apple Ads)"
registrar despesas,FIT,5,11,OUT,SERP nao medida,heranca de categoria,LOTTERY,—,n/d,"sem SERP propria: classificado por heranca de categoria (rank + difficulty do nicho) | Core job: log an expense by hand in seconds - amount, category, date/time, description | pop=5 = PISO da escala Astro, volume DESCONHECIDO (nao e ""termo facil com volume"") | 18 avaliacoes nesta loja, 161 inst 1*/90d, 5,7 inst/dia no app inteiro | pop nao confiavel: unica fonte de volume e o backup Astro de out/2025 (sem ASC Search Terms, sem Apple Ads)"
registrar gastos,FIT,5,58,OUT,SERP nao medida,heranca de categoria,UNWINNABLE,—,n/d,"sem SERP propria: classificado por heranca de categoria (rank + difficulty do nicho) | Core job: log an expense by hand in seconds - amount, category, date/time, description | pop=5 = PISO da escala Astro, volume DESCONHECIDO (nao e ""termo facil com volume"") | 18 avaliacoes nesta loja, 161 inst 1*/90d, 5,7 inst/dia no app inteiro | pop nao confiavel: unica fonte de volume e o backup Astro de out/2025 (sem ASC Search Terms, sem Apple Ads)"
registro de despesas,FIT,5,23,OUT,SERP nao medida,heranca de categoria,LOTTERY,—,n/d,"sem SERP propria: classificado por heranca de categoria (rank + difficulty do nicho) | Core job: log an expense by hand in seconds - amount, category, date/time, description | pop=5 = PISO da escala Astro, volume DESCONHECIDO (nao e ""termo facil com volume"") | 18 avaliacoes nesta loja, 161 inst 1*/90d, 5,7 inst/dia no app inteiro | pop nao confiavel: unica fonte de volume e o backup Astro de out/2025 (sem ASC Search Terms, sem Apple Ads)"
registro de gastos,FIT,16,41,OUT,SERP nao medida,heranca de categoria,LOTTERY,—,n/d,"sem SERP propria: classificado por heranca de categoria (rank + difficulty do nicho) | Core job: log an expense by hand in seconds - amount, category, date/time, description | 18 avaliacoes nesta loja, 161 inst 1*/90d, 5,7 inst/dia no app inteiro | pop nao confiavel: unica fonte de volume e o backup Astro de out/2025 (sem ASC Search Terms, sem Apple Ads)"
relatorio de despesas,FIT,5,11,OUT,SERP nao medida,heranca de categoria,LOTTERY,—,n/d,"sem SERP propria: classificado por heranca de categoria (rank + difficulty do nicho) | Charts tab: pie by category, weekly and daily bars, top expenses, plus Monthly Insights (daily avera | pop=5 = PISO da escala Astro, volume DESCONHECIDO (nao e ""termo facil com volume"") | 18 avaliacoes nesta loja, 161 inst 1*/90d, 5,7 inst/dia no app inteiro | pop nao confiavel: unica fonte de volume e o backup Astro de out/2025 (sem ASC Search Terms, sem Apple Ads)"
relatorio de gastos,FIT,5,15,OUT,SERP nao medida,heranca de categoria,LOTTERY,—,n/d,"sem SERP propria: classificado por heranca de categoria (rank + difficulty do nicho) | Charts tab: pie by category, weekly and daily bars, top expenses, plus Monthly Insights (daily avera | pop=5 = PISO da escala Astro, volume DESCONHECIDO (nao e ""termo facil com volume"") | 18 avaliacoes nesta loja, 161 inst 1*/90d, 5,7 inst/dia no app inteiro | pop nao confiavel: unica fonte de volume e o backup Astro de out/2025 (sem ASC Search Terms, sem Apple Ads)"
relatorio financeiro,FIT,5,19,OUT,SERP nao medida,heranca de categoria,LOTTERY,—,n/d,"sem SERP propria: classificado por heranca de categoria (rank + difficulty do nicho) | Charts tab: pie by category, weekly and daily bars, top expenses, plus Monthly Insights (daily avera | pop=5 = PISO da escala Astro, volume DESCONHECIDO (nao e ""termo facil com volume"") | 18 avaliacoes nesta loja, 161 inst 1*/90d, 5,7 inst/dia no app inteiro | pop nao confiavel: unica fonte de volume e o backup Astro de out/2025 (sem ASC Search Terms, sem Apple Ads)"
relatorio mensal gastos,FIT,5,5,OUT,SERP nao medida,heranca de categoria,LOTTERY,—,n/d,"sem SERP propria: classificado por heranca de categoria (rank + difficulty do nicho) | Charts tab: pie by category, weekly and daily bars, top expenses, plus Monthly Insights (daily avera | pop=5 = PISO da escala Astro, volume DESCONHECIDO (nao e ""termo facil com volume"") | diff=5 tambem e piso de escala | 18 avaliacoes nesta loja, 161 inst 1*/90d, 5,7 inst/dia no app inteiro | pop nao confiavel: unica fonte de volume e o backup Astro de out/2025 (sem ASC Search Terms, sem Apple Ads)"
relatório financeiro,FIT,5,21,OUT,SERP nao medida,heranca de categoria,LOTTERY,—,n/d,"sem SERP propria: classificado por heranca de categoria (rank + difficulty do nicho) | Charts tab: pie by category, weekly and daily bars, top expenses, plus Monthly Insights (daily avera | pop=5 = PISO da escala Astro, volume DESCONHECIDO (nao e ""termo facil com volume"") | 18 avaliacoes nesta loja, 161 inst 1*/90d, 5,7 inst/dia no app inteiro | pop nao confiavel: unica fonte de volume e o backup Astro de out/2025 (sem ASC Search Terms, sem Apple Ads)"
relatórios,FIT,5,11,OUT,SERP nao medida,heranca de categoria,LOTTERY,—,n/d,"sem SERP propria: classificado por heranca de categoria (rank + difficulty do nicho) | Charts tab: pie by category, weekly and daily bars, top expenses, plus Monthly Insights (daily avera | pop=5 = PISO da escala Astro, volume DESCONHECIDO (nao e ""termo facil com volume"") | 18 avaliacoes nesta loja, 161 inst 1*/90d, 5,7 inst/dia no app inteiro | pop nao confiavel: unica fonte de volume e o backup Astro de out/2025 (sem ASC Search Terms, sem Apple Ads)"
resumo,FIT,5,0,OUT,SERP nao medida,heranca de categoria,LOTTERY,—,n/d,"sem SERP propria: classificado por heranca de categoria (rank + difficulty do nicho) | Charts tab: pie by category, weekly and daily bars, top expenses, plus Monthly Insights (daily avera | pop=5 = PISO da escala Astro, volume DESCONHECIDO (nao e ""termo facil com volume"") | diff=5 tambem e piso de escala | 18 avaliacoes nesta loja, 161 inst 1*/90d, 5,7 inst/dia no app inteiro | pop nao confiavel: unica fonte de volume e o backup Astro de out/2025 (sem ASC Search Terms, sem Apple Ads) | alimenta composicoes ja rankeadas: #1 resumo de gastos"
resumo de gastos,FIT,5,5,1,Meus Gastos: Contas e Despesas (18); Gastos Mensais (0); Gastón: mes de gastos (0),top3 max 18 / soma 18 = vazio,DOMINATE,manter #1,resumo=resumo/KEYWORDS ; gastos=gastos/NAME,"SERP ao vivo confirma #1 | Charts tab: pie by category, weekly and daily bars, top expenses, plus Monthly Insights (daily avera | pop=5 = PISO da escala Astro, volume DESCONHECIDO (nao e ""termo facil com volume"") | diff=5 tambem e piso de escala | 18 avaliacoes nesta loja, 161 inst 1*/90d, 5,7 inst/dia no app inteiro | pop nao confiavel: unica fonte de volume e o backup Astro de out/2025 (sem ASC Search Terms, sem Apple Ads)"
resumo mensal,FIT,5,5,OUT,SERP nao medida,heranca de categoria,LOTTERY,—,n/d,"sem SERP propria: classificado por heranca de categoria (rank + difficulty do nicho) | Charts tab: pie by category, weekly and daily bars, top expenses, plus Monthly Insights (daily avera | pop=5 = PISO da escala Astro, volume DESCONHECIDO (nao e ""termo facil com volume"") | diff=5 tambem e piso de escala | 18 avaliacoes nesta loja, 161 inst 1*/90d, 5,7 inst/dia no app inteiro | pop nao confiavel: unica fonte de volume e o backup Astro de out/2025 (sem ASC Search Terms, sem Apple Ads)"
resumo mensal de gastos,FIT,5,5,OUT,SERP nao medida,heranca de categoria,LOTTERY,—,n/d,"sem SERP propria: classificado por heranca de categoria (rank + difficulty do nicho) | Charts tab: pie by category, weekly and daily bars, top expenses, plus Monthly Insights (daily avera | pop=5 = PISO da escala Astro, volume DESCONHECIDO (nao e ""termo facil com volume"") | diff=5 tambem e piso de escala | 18 avaliacoes nesta loja, 161 inst 1*/90d, 5,7 inst/dia no app inteiro | pop nao confiavel: unica fonte de volume e o backup Astro de out/2025 (sem ASC Search Terms, sem Apple Ads)"
saidas dinheiro,PARTIAL,5,5,OUT,SERP nao medida,heranca de categoria,LOTTERY,—,n/d,"sem SERP propria: classificado por heranca de categoria (rank + difficulty do nicho) | 'Money' pool is broad (banking, transfers, games); the expense-tracker reading is only one of severa | pop=5 = PISO da escala Astro, volume DESCONHECIDO (nao e ""termo facil com volume"") | diff=5 tambem e piso de escala | 18 avaliacoes nesta loja, 161 inst 1*/90d, 5,7 inst/dia no app inteiro | pop nao confiavel: unica fonte de volume e o backup Astro de out/2025 (sem ASC Search Terms, sem Apple Ads)"
saúde financeira,PARTIAL,5,39,OUT,SERP nao medida,heranca de categoria,LOTTERY,—,n/d,"sem SERP propria: classificado por heranca de categoria (rank + difficulty do nicho) | Broad finance pool (banking, investing, income) where the app is expense-only; plausible but partial | pop=5 = PISO da escala Astro, volume DESCONHECIDO (nao e ""termo facil com volume"") | 18 avaliacoes nesta loja, 161 inst 1*/90d, 5,7 inst/dia no app inteiro | pop nao confiavel: unica fonte de volume e o backup Astro de out/2025 (sem ASC Search Terms, sem Apple Ads)"
sem assinatura,FIT,5,11,OUT,SERP nao medida,heranca de categoria,LOTTERY,—,n/d,"sem SERP propria: classificado por heranca de categoria (rank + difficulty do nicho) | Fixed/recurring expenses with daily/weekly/monthly/yearly/weekdays repetition, automatic or suggeste | pop=5 = PISO da escala Astro, volume DESCONHECIDO (nao e ""termo facil com volume"") | 18 avaliacoes nesta loja, 161 inst 1*/90d, 5,7 inst/dia no app inteiro | pop nao confiavel: unica fonte de volume e o backup Astro de out/2025 (sem ASC Search Terms, sem Apple Ads)"
sem internet,FIT,5,70,OUT,SERP nao medida,heranca de categoria,UNWINNABLE,—,n/d,"sem SERP propria: classificado por heranca de categoria (rank + difficulty do nicho) | Fully usable offline with no account: every repository is local-first on SharedPreferences | pop=5 = PISO da escala Astro, volume DESCONHECIDO (nao e ""termo facil com volume"") | 18 avaliacoes nesta loja, 161 inst 1*/90d, 5,7 inst/dia no app inteiro | pop nao confiavel: unica fonte de volume e o backup Astro de out/2025 (sem ASC Search Terms, sem Apple Ads)"
simples,PARTIAL,51,49,OUT,SERP nao medida,heranca de categoria,UNWINNABLE,—,n/d,"sem SERP propria: classificado por heranca de categoria (rank + difficulty do nicho) | Generic polysemous word; low difficulty because the niche does not compete there. Composition-feeder | 18 avaliacoes nesta loja, 161 inst 1*/90d, 5,7 inst/dia no app inteiro | pop nao confiavel: unica fonte de volume e o backup Astro de out/2025 (sem ASC Search Terms, sem Apple Ads)"
sincronização,FIT,5,38,OUT,SERP nao medida,heranca de categoria,LOTTERY,—,n/d,"sem SERP propria: classificado por heranca de categoria (rank + difficulty do nicho) | Multi-device sync with last-write-wins merge and delete tombstones is a real (PRO) feature | pop=5 = PISO da escala Astro, volume DESCONHECIDO (nao e ""termo facil com volume"") | 18 avaliacoes nesta loja, 161 inst 1*/90d, 5,7 inst/dia no app inteiro | pop nao confiavel: unica fonte de volume e o backup Astro de out/2025 (sem ASC Search Terms, sem Apple Ads)"
transações,FIT,5,19,OUT,SERP nao medida,heranca de categoria,LOTTERY,—,n/d,"sem SERP propria: classificado por heranca de categoria (rank + difficulty do nicho) | Core job: log an expense by hand in seconds - amount, category, date/time, description | pop=5 = PISO da escala Astro, volume DESCONHECIDO (nao e ""termo facil com volume"") | 18 avaliacoes nesta loja, 161 inst 1*/90d, 5,7 inst/dia no app inteiro | pop nao confiavel: unica fonte de volume e o backup Astro de out/2025 (sem ASC Search Terms, sem Apple Ads)"
vida financeira,PARTIAL,5,46,OUT,SERP nao medida,heranca de categoria,UNWINNABLE,—,n/d,"sem SERP propria: classificado por heranca de categoria (rank + difficulty do nicho) | Broad finance pool (banking, investing, income) where the app is expense-only; plausible but partial | pop=5 = PISO da escala Astro, volume DESCONHECIDO (nao e ""termo facil com volume"") | 18 avaliacoes nesta loja, 161 inst 1*/90d, 5,7 inst/dia no app inteiro | pop nao confiavel: unica fonte de volume e o backup Astro de out/2025 (sem ASC Search Terms, sem Apple Ads)"
widget,FIT,61,65,OUT,SERP nao medida,heranca de categoria,UNWINNABLE,—,n/d,"sem SERP propria: classificado por heranca de categoria (rank + difficulty do nicho) | Interactive iOS 17+ home-screen widget for quick add (systemMedium/systemLarge) | 18 avaliacoes nesta loja, 161 inst 1*/90d, 5,7 inst/dia no app inteiro | pop nao confiavel: unica fonte de volume e o backup Astro de out/2025 (sem ASC Search Terms, sem Apple Ads)"
widget de gastos,FIT,5,38,OUT,SERP nao medida,heranca de categoria,LOTTERY,—,n/d,"sem SERP propria: classificado por heranca de categoria (rank + difficulty do nicho) | Interactive iOS 17+ home-screen widget for quick add (systemMedium/systemLarge) | pop=5 = PISO da escala Astro, volume DESCONHECIDO (nao e ""termo facil com volume"") | 18 avaliacoes nesta loja, 161 inst 1*/90d, 5,7 inst/dia no app inteiro | pop nao confiavel: unica fonte de volume e o backup Astro de out/2025 (sem ASC Search Terms, sem Apple Ads)"
